alpha	diameter
1	5
1	2.9746098624047623
1	1.6402143229827304
1	0.9998274518801423
1	0.6656327478282407
1	0.4261152431761646
1	0.6403868711025882
1	0.45405353787442876
1	1.334395539422032
1	0.8792008243571281
1	0.574258189923738
1	0.43872268000835973
1	0.4551947150649038
1	2.0253901375952386
1	1.0991547975976612
1	0.7791852025561262
1	0.6071500276406286
1	0.9262353399975773
1	0.5313350111809028
2	5
2	4.433885399860047
2	3.582695138059713
2	2.554369740317005
2	2.0455372193563326
2	1.7779735189691102
2	1.356115257961944
2	1.0134722756206773
2	0.8261146716021606
2	0.7326602931327245
2	0.6797358677223134
2	0.6403642106348062
2	0.5249606228251305
2	0.5870780210631363
2	0.44100259743797887
2	0.9010674444376712
2	0.7854531134992667
2	0.6877037348812018
2	0.6299781203664356
2	0.5927032785416588
2	0.4215645432797951
2	0.4166299464072752
2	0.44157212991734834
2	1.1498440073671778
2	1.0495819476113875
2	0.790510200796383
2	0.6167966293907425
2	0.4934788228817191
2	0.43559878527271295
2	0.4944373524880142
2	0.4381757975734009
2	0.6904461508246501
2	0.5780908528477795
2	0.49291817330061777
2	0.4022101523726941
2	0.46959448093700773
2	1.0114507806199156
2	0.8410122563418517
2	0.7991978094634775
2	0.7089137404592369
2	0.5116145029604804
2	0.42078582315756885
2	0.49072323337336177
2	0.4324822947769719
2	0.5618995161943319
2	0.4248395560080369
2	0.4106341362921522
2	1.529896158069274
2	1.187798613644905
2	1.0381598784028
2	0.7516776279670143
2	0.5682999644477597
2	0.5190953504103841
2	0.4919902507111215
2	0.7160703015341437
2	0.5122042351321102
2	0.49066189590971737
2	0.4379224093100075
2	0.42002226093319306
2	0.5004033355723457
2	0.4462345203844795
2	0.5771391629853598
2	0.5511192017267424
2	0.40022393848633486
2	0.964218184799668
2	0.9163043166573939
2	0.8602329996580778
2	0.7903873158638022
2	0.6622036456097687
2	0.48376824451232053
2	0.4521968087684122
2	0.4148805109062117
2	0.4315071735435201
2	0.41433680740830153
2	2.512150409913695
2	2.4310335165035464
2	1.88583472902805
2	1.6757782590112478
2	1.2957669091193744
2	1.2504575811584193
2	0.8922363384933547
2	0.8500326187575136
2	0.6336074129206947
2	0.6072327223003748
2	0.5745968569303782
2	0.5094517066754504
2	0.4628045174893655
2	0.5666543031193715
2	0.5220777819210328
2	0.4617771122303596
2	0.876104148231554
2	0.8038587166860637
2	0.701570801716142
2	0.5777175551078622
2	0.4751533351412223
2	1.0626480558519793
2	0.8418297298874887
2	0.6853387882636389
2	0.5820050096180254
2	0.4295703565143594
2	0.4888640295867242
2	0.6484933280177592
2	0.5916259330459344
2	0.4384485592234799
2	0.8649507800063135
2	0.81187483523194
2	0.7530728946628817
2	0.6814840467000637
2	0.5625723613992892
2	0.4575621560531217
2	0.4422579897218971
2	1.5341288515490799
2	1.4377882848702317
2	1.1082636089046662
2	0.8698644398247419
2	0.6981369640004929
2	0.5196870572365673
2	0.4661765578025371
2	0.5189112864139559
2	0.6867197995913492
2	0.6368656245359207
2	0.4867923622861278
2	0.41064707442695797
2	0.9159622946866797
2	0.7901234828744516
2	0.5801129920892942
2	0.4816584103005334
2	0.4620063969658271
2	0.5364364217676314
2	0.46348480066877623
2	0.46334847264022994
2	0.4123920148216062
2	0.5350852091445025
2	0.6332264394874448
2	0.48316443137752824
2	0.43906028714211726
2	0.40930166859857336
2	2.612208890348432
2	2.219843082596705
2	2.09303406582516
2	1.9601360583291698
2	1.7371490954291435
2	1.2494217410178956
2	1.0886679352114412
2	0.9041599665959645
2	0.6529715378816632
2	0.6325976318995808
2	0.5667631550672216
2	0.4640820576530561
2	0.6254066004698635
2	0.5833774709827368
2	0.5649350460737673
2	0.5147632202962638
2	0.40980099774662526
2	0.6063766387013333
2	0.5757216340506518
2	0.5343230578350813
2	0.40930322831234356
2	0.6130716220562215
2	0.5914783619312279
2	0.46035459673489704
2	0.4008766083458947
2	1.2069102256680495
2	1.1457961895200748
2	0.9666600586915979
2	0.8220426820393223
2	0.7141271281285975
2	0.5550152668599485
2	0.5287113223489355
2	0.46848991766238757
2	0.44109826473322244
2	0.44937246097372097
2	0.41227839093146934
2	0.40715674618653186
2	0.5086034781391502
2	0.4844873459397929
2	0.4500431624854939
2	0.6151562718928253
2	0.5235432360518367
2	0.9079903013864862
2	0.8235917274239333
2	0.6026416094608784
2	0.5785793713942221
2	0.4698578145491176
2	0.4381254204604644
2	0.5613612241930688
2	0.528972198423179
2	0.5088889933454965
2	0.7339333985740017
2	0.5931683958676984
2	0.5070196961583586
2	0.4336359443870074
2	0.4322146315039857
2	0.7395347933990947
2	0.58156397195765
2	0.4297330710831889
2	0.4568315413461325
2	0.4243377544998535
2	1.376928456915226
2	1.318195281403095
2	1.2728302553004138
2	1.100225368857873
2	0.8432317573413546
2	0.7098692160839281
2	0.5152459299985117
2	0.48045668899566657
2	0.48829902269365566
2	0.45511041808046804
2	0.42114259853895397
2	0.7067220568861945
2	0.5593037725349398
2	0.43575610121488817
2	0.40118035039599365
2	0.4320131429917818
2	0.6400007785383346
2	0.5614759441825525
2	0.4536997610575464
2	0.43450536077091934
2	2.310986858661882
2	1.790525499060116
2	1.3467646503395418
2	1.2061539862232997
2	0.9108794273448279
2	0.6663991135742774
2	0.5119485954145913
2	0.48020510390168153
2	0.43106013590746384
2	0.4178235235509677
2	0.42661037754092423
2	0.40177783555105717
2	0.6209779002407887
2	0.47751816498040134
2	0.42895235546207516
2	0.7906365203570566
2	0.6641711736273778
2	0.5576041712592862
2	0.5032054424236767
2	0.4289321151939384
2	0.59913903638624
2	0.564238816321388
2	0.512831888780768
2	1.1799180223135375
2	0.9720993019492853
2	0.8086017969589855
2	0.7485899345677484
2	0.7154985413970288
2	0.6870633617834895
2	0.5379085805168694
2	0.47734550195856
2	0.46093638138063553
2	0.4027774876156096
2	0.42744639676988366
2	0.5395740790706935
2	0.4436161236571139
2	0.42388371069479486
2	0.6687521861870822
2	0.5005395703966959
2	0.48038510965966363
2	0.44349704057309425
2	1.4610539682446482
2	1.2387989381962647
2	1.0653788386986323
2	0.8293639273554936
2	0.6985759523468515
2	0.6732283634643416
2	0.6214096916507337
2	0.4735981889057095
2	0.4023117700772521
2	0.44703038241401233
2	0.42136393180862497
2	0.6687208281101448
2	0.5595867672642072
2	0.5422948941321732
2	0.4607362889719718
2	0.4179318470232725
2	0.6321319002623951
2	0.4500126808986919
2	0.44393617374541433
2	0.7746327444971846
2	0.6043167132678058
2	0.5766399664050492
2	0.4859107575277642
2	0.46716551264305584
2	0.4378654742918199
2	0.484620675283708
2	0.467286472515621
3	5
3	4.615660502184294
3	4.33923907101699
3	3.9995470614693662
3	3.914740966395648
3	3.277855322843466
3	2.6842593475144576
3	2.4679141268486573
3	2.3306553879012677
3	2.3015738036537123
3	1.9836965126905728
3	1.7618272916305637
3	1.7066697299301543
3	1.3791479385313927
3	1.3104875816271175
3	1.254911595691232
3	1.2033403872183797
3	1.1955005148605482
3	0.9665741301988972
3	0.8944375072581165
3	0.8542058610777039
3	0.7923715592096605
3	0.6366646637824579
3	0.5072840346578097
3	0.4958904812478088
3	0.4924779963185239
3	0.47971109491787806
3	0.45806594972131864
3	0.44611261993598483
3	0.5033427522457912
3	0.4934780277872836
3	0.4555674221346103
3	0.44310675277562933
3	0.6209504607646935
3	0.5204601227481516
3	0.5118801760308962
3	0.5080405339860372
3	0.43738960998943016
3	0.4617391169501792
3	0.4553528790092576
3	0.4159196603630058
3	0.40708691091018867
3	0.5010561311966998
3	0.43000298717932944
3	0.45189346398747693
3	0.4338107255312398
3	0.4086612129104956
3	0.4041500550122398
3	0.5723269994191736
3	0.49681645846148603
3	0.45836845325490255
3	0.433929706828659
3	0.4017483563085978
3	0.9304780776479027
3	0.7475469573756297
3	0.7425258445360984
3	0.7162641371211254
3	0.6418601850796625
3	0.6351273695048568
3	0.6117382661796673
3	0.6042046516388045
3	0.5285544142608798
3	0.5237861321950364
3	0.5082770467114371
3	0.41933480659565137
3	0.41776361555016134
3	0.468802799885228
3	0.40204649490375816
3	0.7292687309297591
3	0.7041716158451533
3	0.6937563758855266
3	0.5700734422506586
3	0.5435903537869352
3	0.5294181678903771
3	0.43901469702903984
3	0.5297173047295695
3	0.516566758445338
3	0.5047122711333123
3	0.4845987116769784
3	0.44269006080355094
3	0.43561209865767236
3	0.41331960890840996
3	0.6160203019977826
3	0.5963887295743839
3	0.5878980538763566
3	0.5797704593840787
3	0.49624983703907294
3	0.4685403365254562
3	0.4583699126365443
3	0.44395781446699123
3	0.4298583468533855
3	0.4156722867823092
3	0.4119541672482897
3	0.4173070688164513
3	0.6497935940086969
3	0.6376919634940599
3	0.5353576761857156
3	0.532459535794319
3	0.4737291009077968
3	0.47308427650424884
3	0.7195862183721883
3	0.6194231958066284
3	0.6137420342118057
3	0.5187681863559735
3	0.4371381012868822
3	0.409418216945105
3	0.45073590265616464
3	0.411861039264315
3	0.5129185584412035
3	0.45366501125825903
3	0.43191487870007494
3	0.41844055607501834
3	1.3290967018763367
3	1.3182531256788574
3	1.1866106397472809
3	1.0548204054530406
3	0.8774360635071824
3	0.8654284261246785
3	0.851560558481348
3	0.7109117016389581
3	0.6195119504740477
3	0.5882040700190131
3	0.5681029922085677
3	0.4530566549144604
3	0.44872987307396556
3	0.44467155529960956
3	0.4087209541793949
3	0.49532429641212394
3	0.48338385984665955
3	0.47586867105318165
3	0.46871278991265786
3	0.46529578498374286
3	0.4063403638321498
3	0.4034448127655545
3	0.6367923707467917
3	0.6003937817563629
3	0.4930573140731972
3	0.4587752727263648
3	0.4509462605741901
3	0.4401253659971932
3	0.43672992136906746
3	0.4108555037194049
3	0.7926986684087085
3	0.717929641887693
3	0.6137055527991983
3	0.5679418118017201
3	0.5427753260412097
3	0.5372606713427241
3	0.500062996748816
3	0.41035201596881754
3	0.5178793582095205
3	0.4720357492832905
3	0.5040623295745615
3	0.4143285004206095
3	0.792194483727205
3	0.7203606032320713
3	0.7000120867931617
3	0.6086224012623263
3	0.5876580154639023
3	0.5625936307938614
3	0.5470693189073951
3	0.45508534341208146
3	0.4111058068592642
3	0.48989184207792724
3	0.4297320653629457
3	0.49779033545799806
3	0.48706293391949623
3	0.4612434200050086
3	0.43294496320507914
3	0.8527238407259856
3	0.8299446852043669
3	0.8246029205842049
3	0.8175500869421102
3	0.8127633628968565
3	0.6752709816557583
3	0.5504923719964838
3	0.5114265739020848
3	0.4184623856013729
3	0.414572341575137
3	0.5205998920595306
3	0.4958088443704383
3	0.4866101686266876
3	0.47674414502696955
3	0.6117866479982949
3	0.5223150680584542
3	0.44388066334937765
3	0.4422319884107891
3	0.43796724002437937
3	0.7924925607435526
3	0.7778884622543911
3	0.7132159002183872
3	0.6985766164093239
3	0.6194485437908546
3	0.5395704742145961
3	0.5321424838886866
3	0.46537135970810123
3	0.4458859274249888
3	0.4417100227801797
3	0.4371396292611922
3	0.4037599510590253
3	0.43196875582055444
3	0.4690871851840197
3	0.4170230621252577
3	0.40855121555665946
3	0.47609090334126686
3	0.47349524234637874
3	0.4289980489346788
3	1.3270797951808158
3	1.1249143511682207
3	1.043389041783135
3	0.9954954599464924
3	0.9750069450080624
3	0.7937822390110444
3	0.7180191338651098
3	0.5885489222149362
3	0.5777710917331669
3	0.5699504044575704
3	0.5317951232982826
3	0.4463073008749195
3	0.5499266693591004
3	0.4603521077410014
3	0.44475943284178987
3	0.4410850266316613
3	0.40965819656029323
3	0.40539859702800213
3	0.5065519283302921
3	0.4632149577917998
3	0.4531491016615852
3	0.7528629758264478
3	0.7487587654567739
3	0.6255425622460765
3	0.6085786190089703
3	0.5755761784521538
3	0.5233319264375782
3	0.452420889866255
3	0.4288407744176523
3	0.5593518106577086
3	0.5191988347519891
3	0.4204716735784636
3	0.4033493871190487
3	0.5305600768600884
3	0.522281170983451
3	0.43423931012290024
3	0.42491195081875743
3	0.660084405382906
3	0.5410547480563592
3	0.4804868845447955
3	0.46443078372830593
3	0.5055616638107225
3	0.44381310667073554
3	0.9703535740979929
3	0.943240871490947
3	0.9354986997416397
3	0.769203947448518
3	0.7464101250888993
3	0.70705743154942
3	0.5837243768372758
3	0.488884564453107
3	0.4696076907068731
3	0.4345319295524532
3	0.5366881696810917
3	0.5132476408615599
3	0.5091014088733319
3	0.4362127409565716
3	0.40395981508452333
3	0.7137358302442256
3	0.6821238901970001
3	0.5862243185673454
3	0.49595783472478705
3	0.4299304306408592
3	0.48759650079916844
3	0.429590667294105
3	0.40283528839102595
3	0.4207146602408289
3	1.6369083034097012
3	1.333146644589451
3	1.2870143423234772
3	1.2769894617690176
3	1.1582228379130812
3	0.933927959396286
3	0.8111624314296026
3	0.7182417316453624
3	0.5904055171754379
3	0.5848224091961749
3	0.5152521381382932
3	0.42634246556104616
3	0.5481673887000262
3	0.4758997988823055
3	0.4300976418922559
3	0.4198070757358347
3	0.40823408318041754
3	0.5464923725294268
3	0.5222703616448102
3	0.5182815193459266
3	0.5124500782242185
3	0.40863743575693096
3	0.40480833330787724
3	0.6548821220185483
3	0.5253760088694298
3	0.5181376880619163
3	0.4999786289500308
3	0.4737838439314059
3	0.43915220786756876
3	0.41989092392561844
3	0.5140614122581747
3	0.4381329787644338
3	0.9041540293090868
3	0.8163750833872239
3	0.7271657726070088
3	0.7226454782213253
3	0.6462957039105763
3	0.5183997708553467
3	0.5044271188032321
3	0.43075822845439393
3	0.507413052336097
3	0.48219324517336737
3	0.4106225932895286
3	0.4753675776641604
3	0.41704406333058974
3	0.5424133015802582
3	0.49802293698798134
3	0.49199429814217827
3	0.4412873281593426
3	0.42428254114725816
3	0.5799413921814063
3	0.5640645250435719
3	0.5359119456442091
3	0.5265120592534152
3	0.5094292933352929
3	0.4329609211418681
3	0.8085828194303922
3	0.7200722394667849
3	0.7132167572364043
3	0.698029135712773
3	0.5543644360000852
3	0.500900204779843
3	0.46954609920321205
3	0.45457829249514975
3	0.4375246175077738
3	0.41405070919149684
3	0.4080828171237479
3	0.553687334576027
3	0.5461646556299604
3	0.44800703950817256
3	0.4179320288267839
3	0.5375103533163702
3	0.5228011310078546
3	0.4774191905013564
3	0.41403031154818565
3	0.4079341815034536
3	0.6193304114734235
3	0.5831763596132523
3	0.5169677420846749
3	0.49637998893692753
3	0.4696844663005497
3	0.4197967939297639
3	0.40789043861151236
3	1.2634118249319568
3	1.080266923240522
3	0.9649724283235565
3	0.8890196819488029
3	0.8383970781887927
3	0.6891820480962727
3	0.6727358641262245
3	0.5904640710399274
3	0.5608206423741023
3	0.4967150085977857
3	0.4909900272804196
3	0.48454452269539283
3	0.4532588673542653
3	0.4223913181020786
3	0.46198018876087216
3	0.6398626838392586
3	0.6313450758283462
3	0.6276619152497304
3	0.6005340935847848
3	0.5822889747977821
3	0.5391470746672831
3	0.4816847570002942
3	0.46422851825453
3	0.4010961062415551
3	0.4839213345600798
3	0.4563713134245854
3	0.5807926792327841
3	0.4796547989996084
3	0.4146958436256074
3	0.40377040443404894
3	0.4406455693472955
3	0.7127534079351171
3	0.5711261177802837
3	0.5214397434379701
3	0.49231384139039386
3	0.4836535404722014
3	0.42290520641464424
3	0.40051670220964447
3	0.5601937582269808
3	0.5534123244924599
3	0.4537413346178719
3	0.4237200278288669
3	0.910986183661062
3	0.7246156037603647
3	0.6801984613526156
3	0.5670954579522866
3	0.5259265469017138
3	0.5192081214735143
3	0.4775748569373419
3	0.5095896242526148
3	0.49677473677598005
3	0.4701768339748514
3	0.4646953487806869
3	0.418007936950106
3	0.40961748040586005
3	0.4069195211872322
3	0.40373146741670923
3	0.40364361677519484
3	0.7214780149182838
3	0.5998304899165177
3	0.5595588148475388
3	0.5045019387956368
3	0.41532430743611554
3	0.5425829045403775
3	0.43232611952011313
3	0.42895737795655736
3	0.4010627715118187
3	0.7764050823328684
3	0.7701661323416346
3	0.7642042826500546
3	0.71801080230304
3	0.6761385453599013
3	0.6143339996420705
3	0.49916871130985996
3	0.41750539627807975
3	0.41346975233157457
3	0.40616584089491103
3	0.4754487793925137
3	0.4258961511001607
3	0.40211499324118377
3	0.4238397285020612
3	0.41631736452771206
3	1.3334633783552692
3	1.1278414284636094
3	1.0052841584940115
3	0.8273034349916952
3	0.7621156138818451
3	0.6487577708007037
3	0.6122076729480247
3	0.6040735672831888
3	0.6002251323827376
3	0.5583198777262761
3	0.5371610705344542
3	0.46714450623163356
3	0.43152599708626727
3	0.41118689136970127
3	0.5535295527812122
3	0.47393849343046207
3	0.46861100288713325
3	0.4529558315024641
3	0.4165609645883574
3	0.49809937823330425
3	0.4042951470273753
3	0.40199341627738927
3	0.7661415423944762
3	0.7494344351683997
3	0.617948961547973
3	0.5976940048210485
3	0.48883367622404617
3	0.4522799663154461
3	0.4335898658969521
3	0.45900887674668717
3	0.5697513745471008
3	0.5660925817565725
3	0.5146914064013601
3	0.48119474268522106
3	0.4271941657717223
3	0.7481182785784934
3	0.6834920648674612
3	0.6755866260983985
3	0.6720566229349266
3	0.6171868158373586
3	0.5582964449736306
3	0.5175828083335896
3	0.43353354278595596
3	0.4305478353687331
3	0.40904921602237493
3	0.4632387121607078
3	0.9783409615875454
3	0.9522951421760164
3	0.8513450878602492
3	0.7428251703092427
3	0.7366194405314554
3	0.7080881202853562
3	0.6147984977024226
3	0.5159969796741292
3	0.4413650222389321
3	0.4335616758535108
3	0.4240202701925239
3	0.45628086026038855
3	0.4521245269187474
3	0.4968436269312861
3	0.4769665122269669
3	0.4206315366875458
3	0.41738504058869963
3	0.5917026013859285
3	0.5877268784013087
3	0.47194135071357823
3	0.46088590868744644
3	0.6270569273102786
3	0.6082848457676358
3	0.5903837818497697
3	0.5814813887682014
3	0.519306467879752
3	0.5020277192074568
3	0.47142167908982585
3	0.4175823756138452
3	1.6273522486756926
3	1.5658324544862277
3	1.4657642875598125
3	1.3972677996336922
3	1.2530354773684427
3	1.1300891174711518
3	1.1147882510707368
3	0.9419861667109934
3	0.866010427781398
3	0.8557144758098438
3	0.8194579879969719
3	0.7269329836033556
3	0.6592732634894606
3	0.6160553608993271
3	0.5765187953941623
3	0.5605842867573517
3	0.5534317133599
3	0.49120424406615526
3	0.4361282746871463
3	0.46039503934381654
3	0.4516978793910553
3	0.4387375354172252
3	0.4236301837687486
3	0.4196630000580758
3	0.5497420757058068
3	0.5002360272129603
3	0.4930989275445662
3	0.4186506505614376
3	0.4078784313069909
3	0.42417455998417064
3	0.4142166741013596
3	0.571209809219557
3	0.5589899729550897
3	0.5514220841657784
3	0.5474065800777701
3	0.5048107634480067
3	0.40235560877349796
3	0.8190958740130374
3	0.7928307360147447
3	0.7756339125755857
3	0.7617352692103906
3	0.6102727598628397
3	0.5775118213877104
3	0.49110364840847653
3	0.40162310018750436
3	0.42014722224642853
3	0.5987977101749999
3	0.5853240893759731
3	0.46638929700272974
3	0.41002162522653585
3	0.4024525877709944
3	0.46274044879767884
3	0.8062787037829598
3	0.7783896845565189
3	0.7270516784948133
3	0.6970318823422597
3	0.6461652918419012
3	0.6184177982530091
3	0.5294873630902429
3	0.5264520439607702
3	0.4824238544107489
3	0.47660402120585316
3	0.45363451087240597
3	0.416733485851538
3	0.4449015287742181
3	0.4012009729081737
3	0.4098834004498268
3	0.4436073727747893
3	0.43615682047016036
3	0.912811660808275
3	0.8771246791596391
3	0.8686171043211842
3	0.8577336368925566
3	0.85283568941655
3	0.7528012891315232
3	0.6451960997295885
3	0.5909549149818439
3	0.5655102439934825
3	0.5307297893010258
3	0.4751792940355329
3	0.40012735462505233
3	0.5406563886568005
3	0.4676661188789383
3	0.4039380264435091
3	0.5785696332162187
3	0.5432003697170665
3	0.5026896727777485
3	0.4973827499391472
3	0.47799862798508186
3	0.40191850149188
3	0.4409959465117238
3	0.4265417931129868
3	0.7495862593951805
3	0.7059761407823062
3	0.6287339392876576
3	0.5640721718783532
3	0.5590728654027368
3	0.5350371076834508
3	0.5139494156957566
3	0.5031966719438442
3	0.46986410735218087
3	0.439257178222904
3	0.41029030284574164
3	0.46923613864462976
3	0.41078386129056177
3	0.8836614799134999
3	0.8740334069459225
3	0.8271235193617464
3	0.7096405976877913
3	0.7058509637862054
3	0.6973340059402503
3	0.6717459944193673
3	0.626450952516475
3	0.6141397979574906
3	0.5726629262697579
3	0.5589574035330438
3	0.48556881358067167
3	0.5929688577539709
3	0.5660966455325606
3	0.5372472557994495
3	0.45189168770854327
3	0.4048800057269001
3	0.40144278620840956
3	0.466990621291352
3	0.4457620573653684
3	0.428125626433738
3	0.4124355815182089
3	0.7777845569277033
3	0.7127280717149079
3	0.7082244658801279
3	0.6993749474775741
3	0.6782153513676024
3	0.5553947921258627
3	0.4804762838691417
3	0.468247857562461
3	0.4633129340572434
3	0.41536363317811464
3	0.5200442208077568
3	0.5072893039191527
3	0.450440523018858
3	0.40792524969164845
3	0.47690619009888774
3	0.4722854879210332
3	0.4406620375416515
3	0.42892838697666547
3	0.42319511095604334
3	0.41281953367473795
3	0.4026536237243489
3	2.5134012298878683
3	2.251966242677997
3	1.8418619653909485
3	1.7754585751056866
3	1.6256639049592791
3	1.4182191555762365
3	1.364403568953413
3	1.1424458498689238
3	1.1188132297177762
3	1.0787368643807445
3	0.9770536442234652
3	0.9522621106053513
3	0.7934756260856392
3	0.7837682151662363
3	0.7238619828334204
3	0.7189989683605629
3	0.6942819686499317
3	0.5813646419261697
3	0.5764429718095272
3	0.4994087286899954
3	0.4403058698720475
3	0.420856555156157
3	0.40612883608442835
3	0.5169776958735645
3	0.48449669649772553
3	0.4818292370686969
3	0.4626561151567255
3	0.4308758745018158
3	0.46750236420509506
3	0.4311103786160258
3	0.41994026544188606
3	0.7139639246960651
3	0.7099917944709004
3	0.6133753804764228
3	0.5725136453817823
3	0.5610531850215986
3	0.4959463029049994
3	0.42473533252099394
3	0.502822392485079
3	0.4995088885868618
3	0.4079907633015575
3	0.410580570399875
3	0.6858157096236794
3	0.6638184970389649
3	0.585679677977339
3	0.5238601135402369
3	0.5137794007503435
3	0.5089218791861105
3	0.5045987546230323
3	0.4938718531270621
3	0.4505632561835616
3	0.4508046400184103
3	0.5255633842311678
3	0.46529697858914204
3	0.4416609062990102
3	0.43778754000605086
3	0.410864991825187
3	0.44918977904356233
3	1.0160314113368936
3	0.9129818207575632
3	0.8794493804620336
3	0.835396266112925
3	0.7105546473311822
3	0.6814693819220804
3	0.5840120275951053
3	0.5179096280547063
3	0.5130694182545815
3	0.4846342841257192
3	0.4740086099217447
3	0.4693416596584386
3	0.4370919940320788
3	0.4071856677818186
3	0.48949513987271104
3	0.44346729623740605
3	0.6075541945561451
3	0.584466460305523
3	0.5746303483508551
3	0.5565385487059584
3	0.5365773458131781
3	0.5068525318971783
3	0.4875165365806916
3	0.4509215788414025
3	0.448560813014355
3	0.4597564441399115
3	0.4316958220115666
3	0.40995468057562323
3	0.43233529500706863
3	0.6602832696531011
3	0.5353242942168324
3	0.4852686409698639
3	0.4428081682521018
3	0.5123044867026094
3	0.43801717056146117
3	0.6786471768129062
3	0.6263368859445565
3	0.6155083019711124
3	0.599677492365703
3	0.5929521001503837
3	0.5757878953581718
3	0.4676312457080253
3	0.4569694067569835
3	0.4458563073067161
3	0.40584835216570186
3	1.1302221939362755
3	0.9369139005759788
3	0.8459515623277072
3	0.8368261994809684
3	0.8205930436163048
3	0.7916664128565288
3	0.6856864201052422
3	0.6688757460721917
3	0.5749789271275143
3	0.531437088191745
3	0.5078431507968432
3	0.46993308157262415
3	0.4125216352477642
3	0.47792365895822153
3	0.5580408374664405
3	0.48234660084346914
3	0.46451771372009504
3	0.4107364365052346
3	0.6009599973177384
3	0.5612370079809745
3	0.47808571983710024
3	0.4071791904087826
3	0.8533057564633418
3	0.8447217541386246
3	0.7979299494370704
3	0.7050243066390561
3	0.6994927903367993
3	0.686367842555335
3	0.5829218963008073
3	0.5700159380044304
3	0.5458523685247254
3	0.5285026872110024
3	0.4623257029516872
3	0.5003634588184757
3	0.5401518880462945
3	0.4988656556087862
3	0.4896903437711044
3	0.47726161979090925
3	0.4154785419021785
3	0.45584076629874076
3	0.45152600742411214
3	1.0915097736430373
3	1.0755186882285963
3	1.0661043571839008
3	1.056058711760868
3	0.9570418381552338
3	0.9470329652949911
3	0.9388812784771955
3	0.9303400792074792
3	0.9040133914939892
3	0.790348106723728
3	0.7238660512412206
3	0.7174050855149086
3	0.6310072221667659
3	0.5694200369446808
3	0.468873319582498
3	0.41621109413684243
3	0.4336522298821847
3	0.40538536275648906
3	0.40264334597355894
3	0.4904572965412996
3	0.4585661148167105
3	0.4854446945692772
3	0.44908727792118075
3	0.429988593055304
3	0.6258218932297727
3	0.5904455684462304
3	0.5076851801203734
3	0.4980322123894277
3	0.44458973554563985
3	0.42170082535478715
3	0.40502744419513703
3	0.6703225530828095
3	0.5855697303323331
3	0.511656764808832
3	0.47916968275806
3	0.4656370795525976
3	0.4058295145051752
3	0.4647930919878221
3	0.41042586613557125
3	0.8670113083571993
3	0.8413948798983499
3	0.6740775854060069
3	0.6657085748111352
3	0.6292252169683552
3	0.5208662293213231
3	0.4796160754940949
3	0.47520032967890236
3	0.47143766707553303
3	0.4371907886485016
3	0.4345700076010314
3	0.41724400043277715
3	0.47594639531580574
3	0.4522970517312407
3	0.6614338401140563
3	0.5968406924179935
3	0.5837200888707381
3	0.48367787431140064
3	0.48101278247629903
3	0.4626324620845603
3	0.4294353969596491
3	0.440949687940773
3	0.4284011249747061
3	0.4031960635045603
3	0.42500425998826996
3	1.729371803570995
3	1.709559524170298
3	1.5414991030149268
3	1.4868839739326523
3	1.4752548675651749
3	1.329362481583738
3	1.2263147211330827
3	1.0298463984754247
3	0.82799110760453
3	0.732528467870369
3	0.6898440773409745
3	0.5499416857011606
3	0.5059856872308466
3	0.4957406129498725
3	0.48172812814622684
3	0.4688568417526606
3	0.5450960867571042
3	0.4562706435830044
3	0.43193428054263705
3	0.40610734853838865
3	0.4016327693408415
3	0.5588880827882043
3	0.5079055753037626
3	0.50460665751759
3	0.42553670634112456
3	0.41183681279512285
3	0.8065057744700489
3	0.7956738729947517
3	0.7356162004102197
3	0.7155000700933564
3	0.5743788556933535
3	0.5037503183462676
3	0.48353700206235123
3	0.41983995059009543
3	0.41677596752271906
3	0.5612550653065046
3	0.5197874254970009
3	0.493480752196455
3	0.49020100589134075
3	0.47266736645249113
3	0.44230192231876286
3	0.47277638282670614
3	0.4700603994440401
3	0.9093480353506278
3	0.810597016161585
3	0.6773878443568724
3	0.5740331810439291
3	0.5239209691462338
3	0.4527797213168455
3	0.43449478514138035
3	0.4031770671096522
3	0.4955203812860828
3	0.4517336928927517
3	0.43790121794488196
3	0.4275689991905433
3	0.6053181431051965
3	0.5764665331221341
3	0.5028117748549125
3	0.42684921960155614
3	0.4009290762009704
3	0.6030726738094407
3	0.541173406730451
3	0.5308528008092682
3	0.5079059644837908
3	0.43764997793422833
3	0.7963714905809461
3	0.724673754236672
3	0.6783693895399786
3	0.6283597275594303
3	0.5013978701362852
3	0.41891426905286033
3	0.4159104095365642
3	0.4960321581943056
3	0.49082781655979046
3	0.421743627678424
3	0.40015916321320066
3	0.4089412913530007
3	0.4993336524355987
3	0.4868788614949554
3	0.9515045959428495
3	0.8709539961436797
3	0.8438132493558772
3	0.8165412708274566
3	0.7821183763820715
3	0.696594610728411
3	0.6500398687379223
3	0.5699251225425679
3	0.45529639984137
3	0.43046972791694327
3	0.4229223513635783
3	0.44936444444863405
3	0.4474015016957946
3	0.42460054555253435
3	0.5197565176339409
3	0.49732502552833696
3	0.43462777140178194
3	0.42950102891662406
3	0.4041065867744543
3	0.585566241114468
3	0.5674938934233367
3	0.5161289415504694
3	0.42543799460326864
3	0.4245611194996659
3	0.7215741669010227
3	0.683915880851873
3	0.6771181918205582
3	0.6702721685439753
3	0.655774329916539
3	0.6272305990964502
3	0.6196422675986887
3	0.5837939719776535
3	0.5804558773373416
3	0.5344121093301046
3	0.5234476605742727
3	0.4936070259169944
3	0.40253698587669784
3	1.1006629075964565
3	0.9283701699497482
3	0.9105148225359462
3	0.846249387794566
3	0.840423524873424
3	0.8194284032258938
3	0.6597700703836854
3	0.5745813311568534
3	0.5524589435750065
3	0.468738888855898
3	0.45147034125999863
3	0.42992060985750724
3	0.42405213718928375
3	0.40336121936205993
3	0.4602601277785156
3	0.44621522810580294
3	0.4191434996282223
3	0.6407122164794274
3	0.5216346422197333
3	0.5170846648747608
3	0.4890828032176675
3	0.4567686981573096
3	0.4947203826397184
3	0.4218217910626815
3	0.5299315575069308
3	0.4557293709051184
3	0.4047366762717118
3	0.8109293393641906
3	0.7390752169139921
3	0.707699397174622
3	0.670578158291799
3	0.6656952898967273
3	0.5713585651914024
3	0.512595070214342
3	0.4545731151180442
3	0.4177875790390136
3	0.41181279687809147
3	0.47692868465964683
3	0.40396287878381815
3	0.5060148907530637
3	0.48448496480433517
3	0.5601218394521116
3	0.46615646972786723
3	0.4206527760040027
3	1.6457015758624536
3	1.4155981376930933
3	1.3982281469129285
3	1.1391033642947936
3	1.0856693781869258
3	0.935818810971746
3	0.7692724157789393
3	0.6220364204529756
3	0.5072848572985202
3	0.48185437376794277
3	0.45714365896492154
3	0.44710631745574014
3	0.4400833630512885
3	0.4367056200390914
3	0.4793458807830248
3	0.47674299151911725
3	0.4560074204277254
3	0.5986599226225076
3	0.5950806293744343
3	0.5341199766013383
3	0.5256818777264672
3	0.5075603175347556
3	0.4856893468198841
3	0.48278835460693026
3	0.45807644363299277
3	0.41713512659175117
3	0.7142061136857447
3	0.698438522707476
3	0.6755881006818386
3	0.6706516730788833
3	0.585183138000961
3	0.511037255037036
3	0.5030605384040625
3	0.4660284256701973
3	0.40600864220364774
3	0.4660875687192424
3	0.43768407644619617
3	0.4196604625502682
3	0.7720029255352028
3	0.6811815637902586
3	0.6448255074701739
3	0.6271807098963104
3	0.5128064842764034
3	0.45908073846688763
3	0.447364876943483
3	0.44385816611397155
3	0.42024178359539643
3	0.48181617894650325
3	0.4491481079256259
3	0.4006938669960312
3	0.5241858446801355
3	0.438339243718725
3	0.5832363034959045
3	0.5791842569992187
3	0.576192985655045
3	0.5382572514110073
3	0.5312861896319535
3	0.47604997526551107
3	0.4622897932678827
3	0.41975154867965975
3	1.078807479591796
3	0.9189420182060183
3	0.808146049480534
3	0.7831799382484117
3	0.7106187126247449
3	0.703298954627001
3	0.6750589165921586
3	0.6441373485223701
3	0.631572933069738
3	0.6274375619461732
3	0.588433598336036
3	0.46958937626243186
3	0.43621608601819234
3	0.4644625979903503
3	0.4606010053985705
3	0.4498049911643247
3	0.42478197982544774
3	0.4006920444581942
3	0.49533286841758645
3	0.4798046523762774
3	0.4376091371196189
3	0.4336971432801634
3	0.6284487287201364
3	0.5304616570682694
3	0.5225007705431538
3	0.5076115966853122
3	0.43109699332905976
3	0.4257098070234901
3	0.4625100162012653
3	0.43555528818841804
3	0.41934294204045386
3	0.4146773064090733
3	0.4121926163496462
3	0.7827228299601906
3	0.700272665560293
3	0.5692439463333127
3	0.548158273352224
3	0.4737959656799796
3	0.5416864548585509
3	0.5251828588883137
3	0.4732406421576434
3	0.4280969664566665
3	0.42525240412465226
3	0.514430328967119
3	0.5015058969402516
3	0.47229429677202134
3	0.4694672084521076
3	0.4260921508982574
3	0.46897926758766023
3	0.44522473544319974
3	1.174548802093001
3	1.1068150849412057
3	0.8794938829730313
3	0.7581581310961446
3	0.6042290745192972
3	0.5365161881200718
3	0.4964576248623247
3	0.4899486333258581
3	0.42293250910554525
3	0.419158595785164
3	0.40445781904865136
3	0.5992513523081334
3	0.5933430663427967
3	0.4829421717536309
3	0.43266669894090765
3	0.4165775153834924
3	0.4027705102934001
3	0.4582857802507212
3	0.4326723816631814
3	0.42997562245294874
3	0.6253105459342272
3	0.5085864567816294
3	0.42153460537871495
3	0.4833927172334377
3	0.41611316065435905
3	0.8774632001462775
3	0.8336345250268355
3	0.7965180593239087
3	0.6970375671964943
3	0.6925022215258142
3	0.6824928097817808
3	0.5501894984355219
3	0.4762725472274555
3	0.4606527474330455
3	0.5329251912240801
3	0.5263092328854306
3	0.5212826874587814
3	0.46832115997250967
3	0.5503359948926015
3	0.5018737118991417
3	0.4874394939425541
3	0.4198103530486741
3	0.4001325877538549
3	0.45830514674136336
3	0.43241056831645636
3	0.4286940955029102
3	0.4167022812216684
3	0.6418905221251208
3	0.5880325106481555
3	0.5184802256174491
3	0.5090306119791604
3	0.44536993585078727
3	0.43029262080864694
3	2.915250555273589
3	2.879207459343534
3	2.837345150687287
3	2.518366679444772
3	2.4800379916835142
3	1.9828970825085364
3	1.6968937453775594
3	1.385971440042636
3	1.2915399107236631
3	1.068263614864148
3	0.9350670298328523
3	0.9285305716838829
3	0.8588765921917377
3	0.8322086526894764
3	0.8225381895538431
3	0.7861132646980833
3	0.7641549697955649
3	0.6219598191788049
3	0.5530833072715396
3	0.47523421821876927
3	0.42638393097570243
3	0.41487032907681204
3	0.5902306382927739
3	0.561584039789474
3	0.4471137400057382
3	0.444336704622346
3	0.41351000192712
3	0.40536796150009624
3	0.5506698812795929
3	0.4773402679975279
3	0.47063197701612586
3	0.7377338304721034
3	0.6457321198019312
3	0.6309440342145044
3	0.5047848828020305
3	0.4830018260705928
3	0.49671125904996977
3	0.4091950058551221
3	0.5095005015303548
3	0.45479766149669176
3	0.45237805022270583
3	0.4196153912396954
3	0.9779497487955374
3	0.9470119981193993
3	0.813883975230215
3	0.7171546670518463
3	0.7031452720528923
3	0.6758052848424814
3	0.6439959171079319
3	0.6402970401047743
3	0.6284535540928374
3	0.6219254316212061
3	0.6171655571250606
3	0.5928050834832251
3	0.5859140491529771
3	0.56931518254137
3	0.5504275847396438
3	0.5008925818129183
3	0.4921500451783317
3	0.44791236130842393
3	0.5542721209128774
3	0.513310161258363
3	0.4552060082602996
3	0.4013553281472155
3	0.6769266286250041
3	0.5515823786368645
3	0.5418872638812499
3	0.4909990315347509
3	0.444908720759233
3	0.4360007345863033
3	0.4268509637209622
3	0.5221663997817049
3	0.4296298219863446
3	0.4096548479628828
3	0.4063591272739646
3	0.4413778476716746
3	0.4354540681946604
3	0.7978850342619469
3	0.761439518040002
3	0.6989935055919098
3	0.6806803660915001
3	0.6339542843503466
3	0.5871952541439117
3	0.5793109997370589
3	0.47973115990193765
3	0.4379713860673555
3	0.4009573328100406
3	0.46408544942226804
3	0.4045235816419087
3	0.40509090522175273
3	0.40111240891310485
3	1.3052611413459385
3	1.2403988678683395
3	1.038109241845732
3	1.0247840269589257
3	1.0183549970572745
3	0.8596417599803554
3	0.7048286323254416
3	0.5949992527459627
3	0.5350202802339855
3	0.4828388826290648
3	0.5186343402303958
3	0.5035435204853379
3	0.49166198353477436
3	0.4024426321164181
3	0.6581724026145787
3	0.6411739845513827
3	0.6340718671341076
3	0.6208016526251767
3	0.6119329974588276
3	0.4912914633441489
3	0.4855344070616618
3	0.4475651824738331
3	0.4313076041654468
3	0.4283103173031714
3	0.4059982645518271
3	0.47995942229600763
3	0.44438936380989497
3	0.749374545056709
3	0.7319219703871924
3	0.6692977545244095
3	0.5752936917331567
3	0.47325528337160166
3	0.46991392897027623
3	0.4011153243549825
3	0.4386556365470281
3	0.4090064746473292
3	0.40248782608595773
3	0.4782946538504918
3	0.45263809547019396
3	0.4422760820024706
3	0.43887154663845324
3	0.4106462699935342
3	0.4518923994854329
3	0.9243260635805416
3	0.8669299022481148
3	0.8604431298294407
3	0.8292248258269723
3	0.7718163914865749
3	0.7319990610288288
3	0.7272521018678323
3	0.716924090319515
3	0.688411598797554
3	0.6440745649495457
3	0.5228722133752527
3	0.49374845680484347
3	0.49897381060914386
3	0.4097574446724745
3	0.4072627180316025
3	0.40252527303989677
3	0.4797437875078027
3	0.40585812030779334
3	0.5169747587617407
3	0.4830228980156392
3	0.47574025958101995
3	0.430365606389819
3	0.4005769328312787
3	0.6806378049299765
3	0.663048239931611
3	0.6525072255397849
3	0.638557723704983
3	0.53053685548304
3	0.5274787045921681
3	0.45867372163995984
3	0.45386905672973776
3	0.4452981334184927
3	0.4074395232770767
3	0.40100698317687167
3	0.4806557231256095
3	1.4277453335594523
3	1.2571798295060608
3	1.1076894968133228
3	1.0372719410820914
3	1.0311693201633179
3	1.0140432239729236
3	0.8778251591399764
3	0.8408930102374694
3	0.834667410751882
3	0.6697604440329551
3	0.6386242699642288
3	0.6210720722712215
3	0.5503528616462204
3	0.5462040887187783
3	0.5410304511434535
3	0.5323006980299768
3	0.4374453754856176
3	0.4143627561889838
3	0.4063877703484037
3	0.4176876425972443
3	0.6550276608766659
3	0.6313434516292621
3	0.5968812218012687
3	0.5737571399305711
3	0.4661109238138942
3	0.4156101132613101
3	0.4441418454564825
3	0.4098104566949323
3	0.434157531013789
3	0.4008553885073304
3	0.715499311447
3	0.5686862383250547
3	0.5446597208145441
3	0.5390769495903593
3	0.5340620297782795
3	0.5206888375996285
3	0.46599941183716453
3	0.4481406766107555
3	0.44015994296828037
3	0.43195312380037454
3	0.5670958945230818
3	0.4544286362253977
3	0.4351936410454854
3	0.4318251870448835
3	0.42545381031357016
3	0.4456952563653228
3	0.6240878492175856
3	0.5032181194067342
3	0.4987951342528396
3	0.401328451350479
3	0.48720061425880734
3	0.4798598775680395
3	0.4769748340776423
3	0.8562927136568104
3	0.709396591392158
3	0.6647474123552354
3	0.6217663846328185
3	0.6085964055635188
3	0.5955854229960581
3	0.5847769297817759
3	0.566155914921749
3	0.5449521223502187
3	0.5377975305521236
3	0.5338144892062966
3	0.48968591619168444
3	0.43457324548711074
3	0.6470210357143281
3	0.5605636242017912
3	0.5105194854955297
3	0.4770462463357059
3	0.42244828655012495
3	0.414506141129484
3	0.45584097505679033
3	0.44280748725806574
3	0.9737935413281463
3	0.9405778617409785
3	0.8870647190503522
3	0.8741018975204564
3	0.8348327980269947
3	0.7136038006056269
3	0.6885025879182662
3	0.6848978968044571
3	0.574263274390958
3	0.5636988409356631
3	0.5563937217095196
3	0.499774222426032
3	0.4238063971529905
3	0.50903038527354
3	0.47446016597339524
3	0.4484946981362085
3	0.4386486584006777
3	0.60225491797977
3	0.5119588006448881
3	0.5018392449354745
3	0.4818028677171977
3	0.46386554913327865
3	0.4583375460817624
3	0.44959824671206255
3	0.44574358646893336
3	0.42001033510284563
3	0.4384018211381996
3	0.43397440711022645
3	0.4176516006632144
3	0.4071827401867044
3	0.4028449300676758
3	0.44144830876275104
3	0.41313104423787833
3	0.5118500878300994
3	0.49977751150829736
3	0.4708020980968625
3	0.402339336077047
3	0.4502981129482952
3	0.4467001322488497
3	0.4276767606633053
3	1.9537013160332493
3	1.6556163689325019
3	1.401942774736669
3	1.3518433087434925
3	1.243540495931806
3	1.2181049877134222
3	1.0924667925529044
3	1.0501890402730143
3	1.0402495140968382
3	1.0223956773339873
3	0.9833825851563861
3	0.9004672925282314
3	0.8201300347824283
3	0.7816659674164976
3	0.6823041935743605
3	0.5862705163436581
3	0.5677439519091307
3	0.5442634360102234
3	0.44021729686144634
3	0.42342049837548906
3	0.48788250943580486
3	0.4841021502687231
3	0.47573173217967374
3	0.42113075881845924
3	0.4167379948254003
3	0.4056720609265872
3	0.5428382819142484
3	0.5334912299905471
3	0.4801778816439681
3	0.456862745291978
3	0.45092518443436563
3	0.4416188563476592
3	0.41989249868137496
3	0.4074455459019412
3	0.5630549061793978
3	0.5041189307802442
3	0.4823369635871429
3	0.6044442878095156
3	0.507314141055273
3	0.4776346954327928
3	0.41790784725048025
3	0.40546892464819906
3	0.44858689159399984
3	0.41975735909832895
3	0.4031016278546778
3	0.40031030278579405
3	0.490114344854875
3	0.48584738391269605
3	0.4439381443472907
3	0.4080679909711137
3	0.4036020931187338
3	0.5260715090607713
3	0.5143541035020173
3	0.4689717178911083
3	0.4264218638142365
3	0.4213571171358479
3	0.7955788544450468
3	0.7796396312952583
3	0.6933024810030051
3	0.6009211755965159
3	0.5301194894936498
3	0.52649704768703
3	0.5163507451979787
3	0.425412153347224
3	0.4175832001561118
3	0.4017543669943871
3	0.4082028846107388
3	0.4880530097852435
3	0.44941019476128674
3	0.4382889748931617
3	0.4324039229050217
3	0.5200468560291447
3	0.4406503502242608
3	0.487142534493466
3	0.44705136933995304
3	0.42119213443101605
3	0.8180604483173115
3	0.7658116284388607
3	0.6588818791794281
3	0.602630202869021
3	0.5056970740785289
3	0.4815857230904553
3	0.4765291246842959
3	0.44736137181136915
3	0.40652672554421077
3	0.5463519217325377
3	0.5206812039206961
3	0.44392166583642373
3	0.4615780555061564
3	0.406848100580189
3	0.6580631287517643
3	0.5368899126161432
3	0.5088568253936068
3	0.47598081564663597
3	0.5068567172254714
3	0.5038359948271193
3	0.43496161111415593
3	1.2125338237962346
3	1.1654293530397128
3	1.1566710356525745
3	1.1467224845800699
3	1.1178557693772029
3	0.889783379915753
3	0.8422287624269336
3	0.7939492602613084
3	0.7798494955103891
3	0.6239834570020482
3	0.5561471681680508
3	0.49620543763816477
3	0.4661559294925416
3	0.4345570320501665
3	0.4139556906597035
3	0.6138677933279809
3	0.4900175335074876
3	0.42373840078287667
3	0.40621722505772256
3	0.4844045154807314
3	0.4659455564096777
3	0.459413473509275
3	0.4062149536449945
3	0.40283869452622734
3	0.47477551393139106
3	0.40202371832978434
3	0.884687409726686
3	0.8425621238259777
3	0.7266377513371794
3	0.7130696562730393
3	0.5682381283754382
3	0.5074358370928418
3	0.5023407846689456
3	0.4524900338377783
3	0.4367234011083305
3	0.5636709662875927
3	0.5333083328220709
3	0.5197606412733481
3	0.426684073599251
3	0.5985870182664241
3	0.4798182661702793
3	0.45000308653284204
3	0.4419814100650196
3	0.4330773153723926
3	0.42690828600721
3	0.47028372413002745
3	0.4551279048319526
3	0.48063892464165375
3	0.424816626739992
3	0.584606286020949
3	0.5167034821847094
3	0.4727535733998508
3	0.434114467122595
3	1.4291547885804499
3	1.3432987739353996
3	1.3031208936242067
3	1.1389015032756413
3	0.9853515293414671
3	0.8903563186543422
3	0.8698282093330484
3	0.8056161355701704
3	0.7768649684392505
3	0.7699665744661887
3	0.7563502040824934
3	0.7035233579491755
3	0.6798962908319015
3	0.6522565809927402
3	0.6312014009710065
3	0.6071975973230512
3	0.5125105849793248
3	0.47046487693807265
3	0.45549153288344385
3	0.43167538213416123
3	0.4468877576305288
3	0.4179537569764513
3	0.4387784774695534
3	0.5133144835115482
3	0.49900091671314
3	0.4408033182249417
3	0.630698074628286
3	0.5084919325203993
3	0.494457885401782
3	0.47750925090667456
3	0.45649045967124796
3	0.4299885110408883
3	0.4924208778626333
3	0.48750637504810473
3	0.47861321389553646
3	0.41634386971672793
3	0.8044389329728076
3	0.756575963745554
3	0.7368227363739119
3	0.6284481818801075
3	0.5175737713008814
3	0.44346233942604785
3	0.40840598779535053
3	0.47849468482241464
3	0.5334730646524881
3	0.5302212359220037
3	0.4738806089978425
3	0.443953029256554
3	0.43730225275514834
3	0.4082062467036193
3	0.4042935002219829
3	0.9027061104656672
3	0.8463981287030817
3	0.8081920296790777
3	0.7434495522788712
3	0.71373214104586
3	0.68963255323676
3	0.6641377299295107
3	0.5274304692038811
3	0.4718502060072263
3	0.5268221108838661
3	0.4391959868676321
3	0.4890595970964551
3	0.46358864844326036
3	0.43021963832571664
3	0.4186222722682316
3	0.41598771076863716
3	0.4101859207007401
3	0.4011761683951197
3	0.42810536611397443
3	0.505596668648168
3	0.5009495277531236
3	0.4283273259725529
3	0.5953874741185666
3	0.5580600950022094
3	0.5127296659800963
3	0.4504811447162212
3	0.4026258205745942
3	0.7911031583927093
3	0.6395004267977265
3	0.57653156599987
3	0.5708727646187606
3	0.5275916003096613
3	0.5035484718107996
3	0.40321159322215605
3	0.41192836707396036
3	0.6158522350773443
3	0.563607403229362
3	0.5563132878570551
3	0.5467700733772269
3	0.5255443828071291
3	0.45528325029041933
3	0.4070334186820399
3	0.4031653171132614
3	0.8955410913116048
3	0.7443550839628956
3	0.7399299209418131
3	0.682050523690495
3	0.6732195899252229
3	0.5404283044993808
3	0.4333417075750039
3	0.4138613708021742
3	0.4019625084480048
3	0.4244424339294796
3	0.41831346049338175
3	0.5280989353303002
3	0.42999928563007656
3	0.41641146414621516
3	0.40771304258192004
3	0.4444989731314323
3	0.4391840752836674
3	0.41253188168668553
3	0.41032144746162424
3	0.40644321899165087
3	0.40371953716556874
3	0.401175037878273
3	0.6737178944410142
3	0.557688525570715
3	0.4996962308317043
3	0.4761883330946887
3	0.4468143645407482
3	0.4069898147416388
3	0.5096106151708841
3	0.49220736274232724
3	0.42281736170367795
3	0.41505803093049864
3	0.4126606831795893
3	1.9010348681084013
3	1.7776504523059227
3	1.7290301307882214
3	1.6504441481020549
3	1.3981989340329102
3	1.368558558038207
3	1.2298812887646298
3	1.1737932000234357
3	0.9872815517473669
3	0.9549220894579384
3	0.9468688686611101
3	0.9297468371941338
3	0.7563597935551936
3	0.7522446708402177
3	0.6558853467926884
3	0.6127869586732645
3	0.5002436405693296
3	0.47165479462296506
3	0.5235674401870332
3	0.47333505129657033
3	0.464596951457309
3	0.43368419880193804
3	0.7185528305426934
3	0.7004827458009536
3	0.5757898671077072
3	0.5716880368808639
3	0.5474653360285584
3	0.4877451053585873
3	0.5346338947992741
3	0.49184938921527066
3	0.4274622337579484
3	0.45071023875315386
3	0.4412525940655537
3	0.8684162040810613
3	0.7349966227871743
3	0.6721701862488807
3	0.6525135596266005
3	0.6487033199438978
3	0.613123002017164
3	0.5863948158034908
3	0.49083871227806253
3	0.47568541099956774
3	0.46792932801753434
3	0.46437714764341376
3	0.4486213099562072
3	0.4368768257571815
3	0.40733003610740404
3	0.4536571688834737
3	0.4327634699806197
3	0.6364890065251192
3	0.6146543290380047
3	0.5328726889135345
3	0.4797791864768175
3	0.4325063851758282
3	0.6240997514029253
3	0.5775490861122242
3	0.4742193885337679
3	0.46714871704041644
3	0.4440549501868337
3	0.44140838084587714
3	0.8891356132327758
3	0.8238109030657343
3	0.800019712040598
3	0.6413877141955328
3	0.6349713961228265
3	0.5590664068673656
3	0.48536083679245773
3	0.4771487052934707
3	0.45417457896307334
3	0.43316243590456055
3	0.6284322526957611
3	0.551633458729188
3	0.4755631885183964
3	0.43146633717228744
3	0.4158708143671669
3	0.5239368556060942
3	0.5197249352565693
3	0.5135797450292109
3	0.5096950508527183
3	0.5012777138978407
3	0.48620351890228897
3	0.5541592562929133
3	0.5129138309912594
3	0.5024743205293057
3	0.42459815426433567
3	1.2078947537139793
3	1.1824180348222684
3	1.0986826693238494
3	0.889748556413284
3	0.8392538022299154
3	0.7378244871533758
3	0.7130287043189003
3	0.6194899842001028
3	0.5934578378526505
3	0.508535233374496
3	0.5046527373684335
3	0.4631224727718248
3	0.4232424509504494
3	0.42635077043318054
3	0.40920734396934366
3	0.4996938692157926
3	0.41749285198961816
3	0.5743499013585441
3	0.542936851737557
3	0.47305042496405275
3	0.40920731867683774
3	0.4838091193547083
3	0.8535501576365601
3	0.8106985382174511
3	0.7102761046715996
3	0.6033606712677732
3	0.5607824241773043
3	0.4567071336983049
3	0.4498239002929088
3	0.42688766833931296
3	0.43283954101321304
3	0.5176108633707763
3	0.48101515559810204
3	0.42381701946366857
3	0.4173757834071983
3	0.5587988747302753
3	0.5177297724727874
3	0.4466350532485951
3	0.4428243384360064
3	0.4465330816786995
3	0.6888923720152428
3	0.6270863460660946
3	0.5040192095281969
3	0.487517211944081
3	0.47093667751988355
3	0.41570962008267054
3	0.49125463473264463
3	0.47751391770236584
3	0.4428189444490571
3	0.43758525900965406
3	0.40842605853187897
3	0.4314889445147842
3	0.47794386489042656
3	0.8764509955769646
3	0.8673634745314553
3	0.7140699349664837
3	0.6138488165325477
3	0.5813765992384213
3	0.4877380675260636
3	0.46363487671255343
3	0.4457506098597563
3	0.4411431905654896
3	0.43174220948860464
3	0.4253334399446523
3	0.5101866710797416
3	0.42522517632984624
3	0.4039122591546493
3	0.6607162822887792
3	0.6372920881802896
3	0.6072442731392417
3	0.5742588639930902
3	0.4839680125198073
3	0.4558605336925497
3	0.42361539178117313
3	0.4194467880598327
3	0.7654199518234661
3	0.6540863944582471
3	0.6205087479306596
3	0.6142075599842614
3	0.5210996659333605
3	0.5104435351813301
3	0.4253035211841944
3	0.41112154975596465
3	0.4484861631255297
3	0.43498971960559396
3	0.552438422015136
3	0.44610026524502344
3	0.43485734941972237
3	0.43056588679259933
3	0.40711432668790587
3	0.40268726940002014
3	1.078011080571522
3	0.9132001134042013
3	0.8421541269137177
3	0.7179881330669439
3	0.5941377861600824
3	0.4863095053221949
3	0.4632190540352494
3	0.4340372696269479
3	0.4240682198079057
3	0.4558411492274484
3	0.4495012539758956
3	0.43264770298718613
3	0.5433326294443233
3	0.507981570688277
3	0.4290384588817635
3	0.4248415634106352
3	0.6101492782306345
3	0.5973694475911577
3	0.5254923105454429
3	0.5194383571025321
3	0.5148647899235748
3	0.41584059624747965
3	0.4082957015414232
3	0.4011938283598932
3	0.4082872326860972
3	0.4049325933453241
3	0.5476744478602029
3	0.5309928467758556
3	0.48043139312703964
3	0.4647847709961004
3	0.7890252092563753
3	0.6401732030018619
3	0.6307732108341024
3	0.5581037654885421
3	0.5466366635697412
3	0.5324001112167729
3	0.4950391414696452
3	0.4563681898087839
3	0.4256727265336099
3	0.42151597691062087
3	0.41702112678504716
3	0.6116779573252962
3	0.5397141645772026
3	0.5348208493531543
3	0.48195555388103156
3	0.47420141029548357
3	0.4052808347440443
3	0.41533224938034013
3	0.41133403487406817
3	1.0086028797246884
3	1.0023930553578
3	0.8731551095429786
3	0.8518909323158765
3	0.8406224861953162
3	0.8085769336755309
3	0.7116357680701811
3	0.6248446202173502
3	0.5688591744090878
3	0.5646848468458494
3	0.5108439034076199
3	0.49633407319934664
3	0.4455424768269519
3	0.4421614482886513
3	0.40622916623033967
3	0.4033859262534394
3	0.4883044145192388
3	0.46937929702198183
3	0.46289844882749126
3	0.45883782229219633
3	0.4463212589665631
3	0.4342372227752637
3	0.5520632376947434
3	0.5212563570189838
3	0.461957386549343
3	0.44222338017005725
3	0.4176692293657147
3	0.40350732189838245
3	0.4028499766565983
3	0.6989801744426362
3	0.6154085547213279
3	0.6001443990590319
3	0.5292708800176322
3	0.48417700189130597
3	0.4663845967332954
3	0.4605767344162677
3	0.4540798167259821
3	0.4079504558378604
3	0.40334002989209283
3	0.476852642277677
3	0.4031168878317683
3	0.9682143855901258
3	0.9425004694617276
3	0.9021574543549338
3	0.7378598709913811
3	0.733430181582172
3	0.6673368290381836
3	0.5554245742774936
3	0.5382583684491647
3	0.5285968924542608
3	0.4775417789717329
3	0.43511911391267455
3	0.5011231166235046
3	0.4340489266464421
3	0.4283574553958362
3	0.4219573357362775
3	0.45999983436243697
3	0.42030223033806097
3	0.6928085744367369
3	0.6191473780496201
3	0.597401686904629
3	0.5824887986731513
3	0.5461497425039779
3	0.5406948459056691
3	0.5216193452232558
3	0.5110419492313233
3	0.5082782903688129
3	0.40522569132228253
3	0.4015995043328736
3	0.4565954208127587
3	0.4255980189415075
3	0.41458523576482886
3	0.4058228423333014
3	0.4687164315761249
3	0.46551839425494645
3	0.41293575423829865
3	0.4028774549710332
3	1.5852930357081505
3	1.566542122805508
3	1.4904208628174072
3	1.4777976712300673
3	1.222588187133387
3	1.1748304244165566
3	1.1667661275990264
3	1.1049606632730038
3	1.0544112423282357
3	0.9860881442327737
3	0.9729124374562527
3	0.8283064880294277
3	0.8033549254318553
3	0.638709762778382
3	0.5474462326467762
3	0.5239984787605332
3	0.4351824399734609
3	0.4586690422772369
3	0.6365329752790582
3	0.6118095065332355
3	0.528229264071799
3	0.48491467901101176
3	0.476167144240623
3	0.47347730885152245
3	0.46483217127626375
3	0.46191525057516647
3	0.4337709958065877
3	0.40340744023362324
3	0.7064869710929386
3	0.5969025445829607
3	0.5874600676238189
3	0.5163051233574681
3	0.48799277344189146
3	0.4594220850017295
3	0.4517401655952178
3	0.41107221094735774
3	0.40229099504488103
3	0.5191906815095061
3	0.5154770600460766
3	0.4983801043975747
3	0.40258637935826513
3	0.5976147958262569
3	0.5708470527094832
3	0.5367341384964609
3	0.5243390780305284
3	0.5110056806855261
3	0.4903128285738489
3	0.46348420738811913
3	0.45269048049583244
3	0.5612683526637514
3	0.5578867529917334
3	0.5033575666725154
3	0.45640488910034904
3	0.4492684379640423
3	0.4310594404475624
3	0.6208249450438618
3	0.5469224180877279
3	0.5049763385311247
3	0.48648050365912215
3	0.433028820872334
3	0.4269177950824821
3	0.42299242278502247
3	0.4071957326395678
3	0.5904957934656984
3	0.5208409014083282
3	0.4916345261338489
3	0.41033413435880156
3	0.40125843132279004
3	1.118665575327057
3	1.0751786079209764
3	1.0109170722433813
3	0.8674677017578246
3	0.8491803363908081
3	0.747516022087144
3	0.7324734737614116
3	0.7074198842976793
3	0.6529916318232836
3	0.557680976247508
3	0.5478333729959365
3	0.4431902302870208
3	0.42610539238476103
3	0.4717560496259664
3	0.4305550129409754
3	0.42281719287122005
3	0.5795447646783272
3	0.4869273264883637
3	0.46070844607722594
3	0.45342857812148657
3	0.42945185971849065
3	0.4250043780771138
3	0.7245318797467056
3	0.7124507936872221
3	0.7058227464733452
3	0.6332377063623879
3	0.5678648001030359
3	0.5446443322017399
3	0.5114165497748053
3	0.5080371140415497
3	0.47923608629210346
3	0.40455248488919954
3	0.41369722846822593
3	0.4097789626850899
3	0.4047264991255872
3	0.4605866029772128
3	0.4398051490467216
3	0.4237973190020493
3	0.41966106695425215
3	0.40376314087928966
3	0.5942092208614732
3	0.5247727131625923
3	0.5152237888896132
3	0.48728454944500926
3	0.41984320491514765
3	0.40267140144579316
3	0.5394645865805113
3	0.43141307674738477
3	0.427539445131365
3	0.4248837924338102
3	0.43692638023136254
3	0.4308176651975636
3	0.8111088034696451
3	0.7606501624312436
3	0.6682125707131279
3	0.5483235267586537
3	0.49169845721576316
3	0.5110909005238289
3	0.49308688557475894
3	0.48638704557005696
3	0.45345750486581454
3	0.4455284452965506
3	0.5213933054237125
3	0.5173930702998079
3	0.5078466294377578
3	0.4186866779158213
3	0.4539130052331633
3	0.44935994460644996
3	0.4109886140220309
3	0.5188859742841044
3	0.42702038190752817
3	0.40401795569839705
3	2.607338854555226
3	2.448980700122513
3	2.115164042717364
3	2.0273661780443493
3	1.6276560786585057
3	1.6160911230122597
3	1.3545416138182984
3	1.2801286943049082
3	1.243490767022377
3	0.991186460570906
3	0.7917270655224603
3	0.7169706391936648
3	0.6516283178390555
3	0.6358178113458557
3	0.6073289617622774
3	0.5710296057592348
3	0.509090897531152
3	0.4950138994054701
3	0.4003496998166206
3	0.4512106743914451
3	0.4359664119093191
3	0.4249823687219097
3	0.40586186502491656
3	0.4005076716780651
3	0.5036047838211061
3	0.4951091976705337
3	0.48031037292279904
3	0.4172602724366776
3	0.41493679933395294
3	0.4043412946928034
3	0.7816184199546943
3	0.6206560416521197
3	0.6010204436187305
3	0.5972505095894033
3	0.48127593380722855
3	0.4716974026186121
3	0.4686285182053066
3	0.44687000111453934
3	0.4665721100733156
3	0.4084233514451229
3	0.6200855981545813
3	0.5951420692210899
3	0.5453972582211976
3	0.5406147098328156
3	0.5012975212512846
3	0.42750843723802473
3	0.41927617598301614
3	0.4162247900437297
3	0.9826955671793226
3	0.9763647161367357
3	0.7876772379750171
3	0.6644970484110381
3	0.629364881935296
3	0.5136616807645994
3	0.5094571013421496
3	0.5042886407225431
3	0.4989484602161844
3	0.4239206158904193
3	0.40793297157842867
3	0.4845441628432587
3	0.4560194573715312
3	0.4197408341488415
3	0.5801763143901931
3	0.4916835807368115
3	0.4761705115440697
3	0.46645376772727165
3	0.4462392439859665
3	0.42436886430862975
3	0.7617721561872964
3	0.7571120426312613
3	0.7276264463541852
3	0.7138992107545369
3	0.6981208638972026
3	0.5783523340614883
3	0.4943055170606559
3	0.4149149187333014
3	0.41731526549366316
3	0.4113567266333967
3	0.5275131913708632
3	0.5243287865276075
3	0.4775383173045862
3	0.45174542772330595
3	0.5593583630019423
3	0.485526462465628
3	0.41575726612804703
3	0.4110382825406427
3	0.7290531802723071
3	0.6751062682494599
3	0.6648193331698936
3	0.5610626387788319
3	0.5490818870203565
3	0.5153775130832119
3	0.5025460093177904
3	0.43897294624727007
3	0.489406994862685
3	0.4277618525629897
3	0.4305511742800975
3	1.2017421279119611
3	0.9949324412108019
3	0.8814539591639737
3	0.8576480419339063
3	0.824273543701267
3	0.80051728832016
3	0.6887711094390372
3	0.6782828514706304
3	0.6438830010547715
3	0.611802635987345
3	0.5952362612066171
3	0.5700208112713467
3	0.5550560730563088
3	0.47788415993924654
3	0.40491155090782627
3	0.5710690270529375
3	0.5361532977499168
3	0.4517242577622513
3	0.44039681874000586
3	0.41372792149936477
3	0.4085852813451306
3	0.6694469424236231
3	0.6659101642859936
3	0.6577780767039798
3	0.6116653251139443
3	0.517079936625179
3	0.43956937286728215
3	0.43696705686965054
3	0.44912184421028256
3	0.9088278148735665
3	0.7827943440904741
3	0.7261034439909553
3	0.5797268251166484
3	0.5217682094342116
3	0.49358271209653637
3	0.48573736910509774
3	0.4042229038598783
3	0.5728495108883057
3	0.5540038694305555
3	0.5407597631323975
3	0.4770407523194362
3	0.4022761970708649
3	0.45923275119244517
3	0.6471211219846207
3	0.5284293282278565
3	0.5214711910602066
3	0.46463746581847143
3	0.4366142536766351
3	0.4979043570559454
3	0.48783368262953447
3	0.47089130044556976
3	0.4342424389779873
3	0.4502292351703046
3	0.44655791313717136
3	1.5901500219311782
3	1.4791984725371943
3	1.4668376047618963
3	1.402826711874167
3	1.3271550303087316
3	1.0869867595467646
3	1.0329802156509726
3	0.9984779384357543
3	0.9858910805079752
3	0.976321608846906
3	0.9465655368284492
3	0.9219620652895923
3	0.8223291170128916
3	0.6924544100071535
3	0.6434498093298251
3	0.5843531005026595
3	0.5190880005492822
3	0.4831112232572959
3	0.46780462972280984
3	0.45923019357509126
3	0.44598149458289216
3	0.4058875286363538
3	0.40221940694282676
3	0.40334917412729726
3	0.6073652680057543
3	0.5488460147857102
3	0.49220230457819336
3	0.48763770083842684
3	0.473858998938596
3	0.4231588997670965
3	0.6105549518081206
3	0.5964703190610738
3	0.5925402518280833
3	0.5859388528971973
3	0.5810258996476877
3	0.5093998231226577
3	0.45899290335042425
3	0.40720435393185844
3	0.4008918824356057
3	0.4353712104291068
3	0.47444824788719203
3	0.46321368673598573
3	0.45196085539539044
3	0.43823870405636695
3	0.4278796048602541
3	0.5667870603097379
3	0.507294875963577
3	0.4955044967527611
3	0.43762465314843174
3	0.4261140554669802
3	1.0174450024673052
3	0.8500252960926493
3	0.8364511586285488
3	0.6984024638481159
3	0.6041068878678237
3	0.5587272101341706
3	0.4872336652178116
3	0.47777135304389506
3	0.4030889615180288
3	0.4935041182706329
3	0.4534925259161486
3	0.42541128872119116
3	0.4030652387364138
3	0.6253632262867546
3	0.6183294553553218
3	0.6133232492943426
3	0.5984535652114635
3	0.5908360560912694
3	0.5480393241365898
3	0.45184566287179395
3	0.4273739084049056
3	0.42498235643893767
3	0.4125731344433254
3	0.40273383301669174
3	0.4166920359014898
3	0.402921591690443
3	0.40041056991951496
3	0.7600562457375988
3	0.7484669452114593
3	0.6122126157987519
3	0.4930140518317933
3	0.4785990833787393
3	0.41525839762928357
3	0.5747215706535692
3	0.5546130881114264
3	0.5386533967415527
3	0.46013467817359954
3	0.4144709331214907
3	0.7507150377120312
3	0.7327196723652015
3	0.6314010125312222
3	0.5717779631231305
3	0.5354015590530667
3	0.4321671732537582
3	0.4174758712771437
3	0.4147478905891653
3	0.4016339544836595
3	0.5212963964562969
3	0.43698820460611965
3	0.40673833357042
3	0.733978134395946
3	0.5842427874607513
3	0.5128746307840255
3	0.4792108033990454
3	0.4010772593726707
3	0.5808650831544874
3	0.5498262432506639
3	0.4911887500928785
3	0.4837650454275667
3	0.44164379935350334
3	0.4317141646261412
3	0.42018769054261745
3	0.9222005702689606
3	0.8488641866036157
3	0.80101517720931
3	0.6783897872623219
3	0.6682429945441289
3	0.6178613220211223
3	0.5403400996036043
3	0.5113637153622047
3	0.47695517065713733
3	0.4696513863744194
3	0.42746383014783595
3	0.5865023519236112
3	0.5152056708086686
3	0.4982737001943874
3	0.47439352908864146
3	0.42902543916271674
3	0.4211973011708477
3	0.4020590270226195
3	0.4605959478046942
3	0.4184779143259989
3	0.5568000439700737
3	0.5441355867141822
3	0.5386770093739788
3	0.5293275724774309
3	0.4811411926979444
3	0.4740370470609784
3	0.4683215419881042
3	0.4125708658494445
3	0.4072018875845675
3	0.40066244012010654
3	1.0416309371371488
3	1.027659336215112
3	0.8520085446724928
3	0.8080727994075699
3	0.8033892633668706
3	0.648382024926077
3	0.5993934280094796
3	0.5312520487183039
3	0.4374675405133941
3	0.4071676732438164
3	0.40455827270785505
3	0.40291817625759624
3	0.626545021452836
3	0.5305449099015536
3	0.42950623833927487
3	0.4253096317469931
3	0.41233104669071613
3	0.4588677393222855
3	0.44951735386298963
3	0.4438050351257666
3	0.41874185067518815
3	0.4094090886507116
3	0.40086437914218553
3	0.7757324852689355
3	0.7714186020634316
3	0.7670483038488188
3	0.6094734648259201
3	0.5525589726410535
3	0.5294722716258309
3	0.483997337962806
3	0.40848566661880253
3	0.6081383556711092
3	0.4982989820155634
3	0.46109619657598205
3	0.4212651257701116
3	0.4659783777774247
3	0.40863918039328767
3	1.735217539199829
3	1.6598359625486356
3	1.6266822031094643
3	1.6158977487666397
3	1.2955337539206035
3	1.240964585140412
3	0.9998767558544929
3	0.9868359024091978
3	0.9676066109402148
3	0.9521677473646355
3	0.8011809759598497
3	0.7891387514189252
3	0.6542685862411469
3	0.5845141318892049
3	0.4778929802645839
3	0.44300271633824095
3	0.42869122791453446
3	0.42185592342639633
3	0.4490700119010211
3	0.4315463181817705
3	0.5956699373373145
3	0.48695017194311324
3	0.47066366846633795
3	0.4513905398574007
3	0.4453764146129626
3	0.42028796992091455
3	0.4149092378372327
3	0.45771288571492114
3	0.7040491555353805
3	0.6716569234985929
3	0.6023449909456927
3	0.525815529308315
3	0.47894990423289513
3	0.4626395640600372
3	0.4530054650816828
3	0.4357627654705767
3	0.4305615470597548
3	0.4182466349552479
3	0.41571661717246844
3	0.4387453936470875
3	0.430969376761695
3	0.41617840908823417
3	0.9695653231085151
3	0.8389649555958902
3	0.7120502098212651
3	0.6310040472986607
3	0.6190922257318024
3	0.601177203536781
3	0.5980115463814918
3	0.589149695690167
3	0.5397796482533126
3	0.4596832671801939
3	0.41259191358307684
3	0.47881662869680197
3	0.4506428192013698
3	0.42153719308303333
3	0.6122440168929505
3	0.5889397685195245
3	0.5731257908976042
3	0.5517173095679605
3	0.48527551220001425
3	0.4678981276926062
3	0.458563930015686
3	0.4274086847413623
3	0.6846529726182577
3	0.6783170657059773
3	0.6489937410749617
3	0.6027114400204278
3	0.5924185271425139
3	0.5413920776265454
3	0.4840580256537145
3	0.6409855725914808
3	0.6077936519986107
3	0.5689124258498786
3	0.501939084356588
3	0.43033582032486434
3	0.41581014286603435
3	1.2692752255611341
3	1.1507756843497872
3	1.142238211287691
3	1.0086730406682687
3	0.9953097825673393
3	0.9719788594181881
3	0.9340454855886873
3	0.8055602849893794
3	0.7977105369889972
3	0.7473052850487797
3	0.6151212102912303
3	0.4895124873942214
3	0.47474757281489555
3	0.4696481832688588
3	0.4869247107722781
3	0.42325216608374094
3	0.40671166347461496
3	0.5693889531727321
3	0.4830592657378477
3	0.4385315544515539
3	0.415781622089307
3	0.4005335994700397
3	0.4485928251038088
3	0.40764261598313395
3	0.6635418930203144
3	0.5400903836153607
3	0.5238330721616216
3	0.5166896432947157
3	0.46475895748916374
3	0.4457628867854796
3	0.5124936803791618
3	0.4971564345690327
3	0.480107625751873
3	0.4732312396163683
3	0.41195427411336544
3	0.46931631511588817
3	0.4331987044592711
3	0.40761476334911223
3	0.7741987100000769
3	0.7515748024265148
3	0.7161872580865998
3	0.7115573993294018
3	0.7064331163644497
3	0.6905013185593721
3	0.6754210436592387
3	0.6651710122046107
3	0.6178464428057007
3	0.6066896168217881
3	0.5981574117989792
3	0.5607752475713179
3	0.5157811223628728
3	0.4540011347420672
3	0.44199636113348945
3	0.8046208782706178
3	0.786515586626374
3	0.6827848505994251
3	0.5845916987815196
3	0.5621558182041798
3	0.5390632391017414
3	0.5139567581232193
3	0.5038129820399214
3	0.4145736172806486
3	0.49121766087018864
3	0.45274607579790715
3	0.4269271279156108
3	0.5520396746483581
3	0.4510117700519157
3	0.4244941513249941
3	0.4397583985830854
3	0.6451988981510166
3	0.6075074981706969
3	0.6025716818688366
3	0.5075045808479047
3	0.5024656774886216
3	0.4814644233160515
3	0.4606188384316027
3	0.41610656933919277
3	0.4046422833924978
3	0.4449240310109382
3	0.8670224887465184
3	0.7381168062578255
3	0.5877676431484589
3	0.47572031017057037
3	0.4729997973793563
3	0.45692400197969607
3	0.44424303567456613
3	0.5839070311871248
3	0.5462110705744082
3	0.4845404006081713
3	0.46969240782331645
3	0.43477587068337176
3	0.6296470032684318
3	0.5877333768376601
3	0.5829023566366428
3	0.5623548387299119
3	0.45673332218036716
3	0.435441498443277
3	0.43036861519729175
3	0.40581602287326
3	1.4482300832409298
3	1.413257358807115
3	1.1781927430052392
3	1.002268633742143
3	0.9562067459535089
3	0.9171325132880135
3	0.7771278029078726
3	0.7524621931891241
3	0.6188597542897085
3	0.5860162043126268
3	0.5670168667444786
3	0.5610823204344026
3	0.5366328223386757
3	0.4619957157333861
3	0.5739078154681976
3	0.5008142983577233
3	0.4498817225746229
3	0.42931455131714197
3	0.6709917755386248
3	0.6231692779447537
3	0.6125450060980595
3	0.5041887902573123
3	0.46077025141193784
3	0.46672213717378636
3	0.41913964450549196
3	0.46854271435579625
3	0.44936520187993817
3	0.4423358725900395
3	0.5098468804610976
3	0.5071016002502466
3	0.4170848031103982
3	0.40323802120566826
3	0.8566595354557498
3	0.6873711367289996
3	0.5533306771950112
3	0.4703151129307432
3	0.43329439290494964
3	0.4028627240932725
3	0.5375754948875507
3	0.5323996700702346
3	0.5004143416314225
3	0.4910574165074118
3	0.43823353425705747
3	0.6723246254178771
3	0.5776904560458936
3	0.57438169893866
3	0.5555778926184085
3	0.5421713594829657
3	0.44707896370312855
3	0.43872198090376524
3	0.4121465630625792
3	0.48075398046554824
3	0.477631845901307
3	0.4178014405778079
3	0.41345013341778886
3	0.41012470281806473
3	1.058866564425988
3	0.8732126881580897
3	0.7685410631592611
3	0.6809507799710801
3	0.5508357117585132
3	0.5165632636464835
3	0.49211727898841334
3	0.4041897391254236
3	0.5296927203891374
3	0.5022340413955535
3	0.49911034490574013
3	0.4181173911272205
3	0.5170021484815879
3	0.49263547692830306
3	0.4424728286824836
3	0.596162658634696
3	0.5322024389584046
3	0.5233748280696388
3	0.4495750337808755
3	0.4305785937724449
3	0.4253025476683606
3	0.8048530401883836
3	0.7323572337170208
3	0.7032110812228464
3	0.6123344802543615
3	0.5131967573391362
3	0.4618862343663796
3	0.44309139169673123
3	0.4311684941213369
3	0.4553852845359718
3	0.49068764973387685
3	0.4034640487419897
3	0.504724268351677
3	0.46830776304691124
3	0.5988692496980315
3	0.5436175617174749
3	0.5229716714038996
3	0.46867050588340353
3	0.46601748165537804
3	0.4303865513602041
3	2.5524903576300195
3	2.3227737387137566
3	1.9539676593907087
3	1.9058874721584844
3	1.8952100424008567
3	1.5281931953496457
3	1.3522264160716782
3	1.2525474975607158
3	1.1680372285406366
3	1.0114013567831939
3	0.9887516123124217
3	0.8156876621699708
3	0.8029468448101542
3	0.7815849470600077
3	0.7294624005393949
3	0.7124732655802692
3	0.6573729609198989
3	0.6283747861434018
3	0.6029839757296179
3	0.5215739207398956
3	0.4925304351006207
3	0.4140011909561818
3	0.42607591732076616
3	0.4110367951878431
3	0.40207178163610624
3	0.42651176881663516
3	0.41023960051937425
3	0.4469631818813897
3	0.42898618639607916
3	0.4246996394352028
3	0.7512088202061514
3	0.7463585210661027
3	0.6374016023964535
3	0.6207064659126372
3	0.52261758328333
3	0.4781271093089569
3	0.47177279434589037
3	0.4355850982629974
3	0.4090251588737266
3	0.4010235896102134
3	0.45852320176261996
3	0.5392350361527782
3	0.49524157290418264
3	0.42354561603794993
3	0.4080905316896409
3	0.8237516354826383
3	0.7278194744332013
3	0.5894850150167884
3	0.4895976509340579
3	0.41915728919341977
3	0.41230216450885526
3	0.44392197008396095
3	0.433842461654113
3	0.43130547688123844
3	0.4037389673980608
3	0.5653523014554533
3	0.501292268703201
3	0.4099518204784761
3	0.5576657509760116
3	0.5193828095684977
3	0.5070773413172215
3	0.4922366671606663
3	0.7188902314596294
3	0.5896446865347034
3	0.5181632106303599
3	0.49771282914007736
3	0.49456035218586963
3	0.4892180973104627
3	0.420870897897362
3	0.40388897582878003
3	0.5501559637732507
3	0.5355887748685536
3	0.524854107840618
3	0.5042564030795773
3	0.4273235499900236
3	0.7976374404780715
3	0.7826440639717475
3	0.6981251759042534
3	0.636090115712373
3	0.5377802080410538
3	0.43022792823048367
3	0.42339017060095807
3	0.46698649634994877
3	0.4384518722747575
3	0.43600123022714204
3	0.4286622575762786
3	0.518187650025591
3	0.41604253966821947
3	0.40641643200492383
3	1.0311324819940026
3	0.9715941531311639
3	0.8693074365840784
3	0.8600386277617149
3	0.8378323850855613
3	0.7672380956850438
3	0.7343686737224201
3	0.6970585208868169
3	0.693306800959456
3	0.6348166060835335
3	0.5116585938565003
3	0.44146711561439084
3	0.4019880857626752
3	0.49580039574038304
3	0.4550185528189578
3	0.4512239506562268
3	0.4262201306907219
3	0.4054797189904124
3	0.5148724631535497
3	0.5087726622409678
3	0.4877717085377868
3	0.42722601622889034
3	0.6384537604243349
3	0.544891814477465
3	0.5412961482842131
3	0.45672399291464494
3	0.42099421983113733
3	0.412782364879909
3	0.46177375158787964
3	0.4465700852601329
3	0.440027518111481
3	0.5637368072659246
3	0.5310105340564243
3	0.44401380053258066
3	0.4025051381934829
3	1.4794763330283327
3	1.4652676438806504
3	1.2367816697390135
3	1.1163540245348609
3	0.8904002723059942
3	0.8388733691883966
3	0.754088033833148
3	0.6333327999621486
3	0.5035456859544664
3	0.43233025632230454
3	0.501804451196728
3	0.49087301665815075
3	0.4762803725791558
3	0.410020195374986
3	0.5591044702887547
3	0.5424999438264229
3	0.43731913856790644
3	0.4236281816454793
3	0.5445872560367025
3	0.5048527000926643
3	0.4149186744356461
3	0.487136217519494
3	0.4370367607530877
3	0.881658154056618
3	0.8722954978703509
3	0.786222322148336
3	0.7433815987976968
3	0.6988904822152788
3	0.6308623749998077
3	0.6272018359865128
3	0.5807845007154261
3	0.5590315796011569
3	0.4509003547174748
3	0.4362656129310144
3	0.44863182223234704
3	0.4365630592761232
3	0.4325687708686701
3	0.4216904216274035
3	0.4110130070263341
3	0.42208170295884667
3	0.4057924887010453
3	0.5622373611076777
3	0.4796248701723125
3	0.40695426442602056
3	0.4015952558900691
3	0.7939993219981568
3	0.7858811799893071
3	0.7607791849608267
3	0.7190273081595192
3	0.6101292768464133
3	0.5902573199875032
3	0.46934503174415737
3	0.4620158033384651
3	0.42485123317262047
3	0.4037530963354801
3	0.46762690842770965
3	0.44083230496955716
3	0.524889736528106
3	0.5177998502796803
3	0.43114091527132703
3	0.4093430766168645
3	1.0784013351734811
3	1.0026225736857013
3	0.9614305507173866
3	0.9466909389939487
3	0.9407854120438645
3	0.8351413473428628
3	0.7945370383090844
3	0.7554266365922316
3	0.7454297721162675
3	0.7166227283969824
3	0.7000472043246331
3	0.6166034810860803
3	0.5596307927916996
3	0.5538733724931947
3	0.5505835525962781
3	0.5297982025208664
3	0.43184813836870756
3	0.4085062343544475
3	0.4771545225236176
3	0.4354961403733833
3	0.41307563701253835
3	0.43248961718872586
3	0.4235433906149074
3	0.6301193462953464
3	0.5610961879028546
3	0.5130190154244632
3	0.4738834027764792
3	0.4695672060470081
3	0.4189615671439923
3	0.49213188756792886
3	0.45311996579857533
3	0.626784536736937
3	0.5969781364747223
3	0.5129705626783352
3	0.42964358639625966
3	0.42364858211327594
3	0.42014331151062995
3	0.41581106268891804
3	0.41210946175311347
3	0.42684611351037344
3	0.45210354287563426
3	0.48728426057299445
3	0.812950236534586
3	0.7487465123185256
3	0.6440902207266156
3	0.6237153126026624
3	0.5974921994899107
3	0.5324726220779464
3	0.5259616294824092
3	0.5105440930698418
3	0.4095267879067051
3	0.40081785674365156
3	0.5343361139655571
3	0.5107111623595646
3	0.5058730980430147
3	0.41851495723395155
3	0.48980118809068385
3	0.4868169157976027
3	0.4311161519391687
3	0.4200626378818152
3	0.4148121093116995
3	1.7181200675649027
3	1.5505406910555002
3	1.4669032836329026
3	1.272461006263945
3	1.2060527787088375
3	1.061849841972268
3	1.0429130897722125
3	1.025975803497459
3	0.8214875266539067
3	0.8172118633978032
3	0.8115509037350013
3	0.8036320568381705
3	0.7845136589861293
3	0.7665439030403058
3	0.7546829577709826
3	0.745882906338114
3	0.6937187294435668
3	0.6641314612103131
3	0.5934603893671594
3	0.5207910857693965
3	0.49902007936189513
3	0.46838207378665364
3	0.4620436725188502
3	0.407691197131229
3	0.4378040379834423
3	0.4064955442884265
3	0.4328819121259241
3	0.40141120164541705
3	0.807019007224415
3	0.7215665042816912
3	0.6242501281615352
3	0.5007665713927552
3	0.421438671223275
3	0.49005290613268626
3	0.4851511970590076
3	0.5097122674797155
3	0.43817791427799735
3	0.4223302458646162
3	0.5312177379662909
3	0.4224786864189002
3	0.42077346135979954
3	0.8227912909683263
3	0.7616330425041985
3	0.6550215102193656
3	0.5559396126004532
3	0.4583249332636459
3	0.4108489033732996
3	0.42273924490059755
3	0.47800013254002716
3	0.46050277061795947
3	0.5437561167997101
3	0.5317631516016952
3	0.45117313418556054
3	0.4289494112489893
3	0.4865845503019518
3	0.40006860732948607
3	0.6738914005951411
3	0.6574630124264326
3	0.6416376287971195
3	0.5752704836736977
3	0.5393660982005755
3	0.4563322126335315
3	0.4284799486038773
3	0.4194241627739632
3	1.031082538001022
3	1.0182608862358986
3	0.992353720407413
3	0.8642056803487145
3	0.7083140420232077
3	0.6798084519524723
3	0.5471398748782809
3	0.5020606636828531
3	0.49621480871996737
3	0.48290763328569997
3	0.4500646720824838
3	0.44478780158612835
3	0.41218048355452075
3	0.4063311920225928
3	0.5317698620336178
3	0.43155728876423455
3	0.412127526187685
3	0.4089593146635269
3	0.6619607265087081
3	0.6523376105516612
3	0.5869834916358424
3	0.48449693130747484
3	0.48149744487199375
3	0.4646560124063625
3	0.4477256878662769
3	0.44566277297085427
3	0.4398454205790443
3	0.4373545374491555
3	0.42989501942453373
3	0.4174141291687369
3	0.4076335715003602
3	0.422378139951633
3	0.40062879836181303
3	0.6922984602898075
3	0.6000062127135609
3	0.595773216726869
3	0.5719400174633663
3	0.4683455124250858
3	0.4546236791074768
3	0.41690618294924364
3	0.4068261691044687
3	0.4385765847506828
3	0.4321098108963709
3	0.48741401605077483
3	0.48002779487728037
3	0.4674307715732822
3	0.4615928703287278
3	0.4282732571835476
3	0.8297561643420579
3	0.8171850779838441
3	0.7197443939689867
3	0.6670569081548141
3	0.5701115092705665
3	0.5557994219806998
3	0.5491836258440354
3	0.46428754389211147
3	0.444889589392084
3	0.4203635957203834
3	0.408141218995742
3	0.4032076653526576
3	0.48133196823332325
3	0.41689331312696315
3	0.40012062165711715
3	0.4236449570422113
3	0.41425612127689826
3	0.4112761989609052
3	0.5570536011507784
3	0.526201263174563
3	0.5202821426405392
3	0.4694153814423526
3	0.4566549310068565
3	0.45248877694631
3	1.1035718773720535
3	1.0454741447587352
3	1.032046650553611
3	0.9297210603839774
3	0.8303552286068804
3	0.7682127695971964
3	0.7173556353826026
3	0.7094996019835441
3	0.6090547197159383
3	0.5800505981029495
3	0.49539891440680234
3	0.40055142446349606
3	0.4190420811972066
3	0.40211780011832227
3	0.5081689604278621
3	0.4550171976201857
3	0.4240131734481669
3	0.43831805597600115
3	0.4189893034265871
3	0.4920888737355564
3	0.4505148823836595
3	0.4383835868023425
3	0.6136783809596402
3	0.5593528642482414
3	0.5154290257227757
3	0.45390143549275774
3	0.4121472566864027
3	0.6661593391028496
3	0.6140556085278224
3	0.6107978434775629
3	0.6075115081190522
3	0.5764816801370136
3	0.47958749947065726
3	0.4331651825347345
3	0.4008786779852774
3	0.40017061867658926
3	0.5860561427816188
3	0.5727671815809018
3	0.4992419216880966
3	0.42461098226283284
3	1.6002595189148867
3	1.574680003482414
3	1.3675577032231439
3	1.339844023949216
3	1.2631549076000046
3	1.1405206821922396
3	1.0367723404733202
3	0.9144697789890381
3	0.8083499381162259
3	0.7743526030998741
3	0.7696782264115448
3	0.6237697869516208
3	0.6201492312512823
3	0.5773123699427982
3	0.5703481553907154
3	0.5574125029270589
3	0.4605667326363056
3	0.4155561196264765
3	0.4226452621358406
3	0.597451314523922
3	0.5671145739522166
3	0.5553554177363507
3	0.5464465354596153
3	0.45586466137566606
3	0.40903721154713096
3	0.6184370177185735
3	0.49634094436752996
3	0.4624505354843297
3	0.406865417311355
3	0.4852411264472953
3	0.7045240699284472
3	0.596067449298946
3	0.5783415422436565
3	0.557886949067557
3	0.5517823110292457
3	0.4998412998455879
3	0.4103390559087537
3	0.5166561010646415
3	0.48245660981201005
3	0.47445233984405155
3	0.41725790192981094
3	0.7173563045258561
3	0.6065587618712506
3	0.5667565739473903
3	0.5314912793403663
3	0.49567213437936014
3	0.44625161323333296
3	0.42909446636102905
3	0.41632290303085184
3	0.5265522334552032
3	0.45040100247949266
3	0.810215299299981
3	0.8043855661471678
3	0.6991724063583084
3	0.615603881451394
3	0.5358867315983329
3	0.45737072682805485
3	0.4298091911220882
3	0.4769403442691285
3	0.4157250290315663
3	0.5632397834802109
3	0.5559850559778365
3	0.5110090317000389
3	0.47843156155909544
3	0.4347882809360764
3	0.41481653384272243
3	0.7305044593972622
3	0.7259046515928342
3	0.7193139265306626
3	0.7017946623187301
3	0.5999739976168832
3	0.5010255825422114
3	0.4015032663231397
3	0.44847409574202696
3	0.5061546034740411
3	0.474449519977694
3	0.4708819463356554
3	0.42235610319914685
3	0.41065858118550186
3	0.5341033974616437
3	0.44855982247357606
3	0.4415191444241275
3	0.42903272275659093
3	0.4230824173772725
3	1.1043841081978496
3	0.971390041436248
3	0.8763589332425573
3	0.810403706369926
3	0.7239005560992903
3	0.5836849898561671
3	0.5746063204673115
3	0.4768332188661812
3	0.47288324752215893
3	0.4346704987266282
3	0.43321127681965405
3	0.5651361017426215
3	0.5574672870422774
3	0.48106564519964184
3	0.44670420824609375
3	0.4327215238962316
3	0.42176266881797864
3	0.40083309795567906
3	0.5347186854146232
3	0.49485927341853647
3	0.421902608781847
3	0.40373665766891564
3	0.4001385388996372
3	0.5202513744381175
3	0.4877066933140065
3	0.431984419872899
3	0.6244992430609292
3	0.5811683623411454
3	0.5154827697892225
3	0.4514430549636503
3	0.4373589617922572
3	0.755003891016208
3	0.6413317182477178
3	0.5595623240353881
3	0.4856156868258221
3	0.4457698522069479
3	0.4326621298903661
3	0.5502386910528135
3	0.44386776012830265
3	0.42934008488415903
3	0.41772896472089455
3	0.5782885974838964
3	0.5670577923823301
3	0.5019840816102727
3	0.446276487318777
3	2.98759630577411
3	2.4012583374477314
3	1.9217799390962065
3	1.6878105818696318
3	1.6529884954845564
3	1.5610499041747627
3	1.4297546288846479
3	1.1645770285688972
3	1.1528279157611574
3	1.0465022513132491
3	0.924590520163521
3	0.8467919152418173
3	0.7954200705610713
3	0.7585150618873103
3	0.7538188376976273
3	0.7493081095130234
3	0.6498546699519171
3	0.5793214139595931
3	0.5558668191450965
3	0.5509240496836345
3	0.48669108663798333
3	0.45401590523754687
3	0.4047587272313944
3	0.43091003133466904
3	0.5268853468034476
3	0.46341289385175916
3	0.40584917140975796
3	0.47017785054461775
3	0.4230237805340243
3	0.4129416702583146
3	0.5679528692906951
3	0.4738576248510867
3	0.4119624329119378
3	0.42507141832040196
3	0.7085297782863889
3	0.6742081889092599
3	0.5608290593660761
3	0.5461944934799382
3	0.4766317116504867
3	0.4602158167639843
3	0.5066689260159774
3	0.4776895912897903
3	0.7281253439115319
3	0.6759583567338235
3	0.6585144723023045
3	0.6148339014267769
3	0.5510602498657922
3	0.49458034421695246
3	0.45486985298497723
3	0.40223936727090437
3	0.42574308298153996
3	1.1033661163954904
3	0.9218031762660912
3	0.8591965561363311
3	0.8151931821780249
3	0.774116011732153
3	0.6620067092274081
3	0.5743301458786282
3	0.5703162967880028
3	0.5649914917243576
3	0.5578859666333181
3	0.5242424093108677
3	0.5203486881697346
3	0.41632529364135185
3	0.41270365576364015
3	0.40962236776178046
3	0.46520954330876646
3	0.5580277195120251
3	0.553689186568081
3	0.5284588562623087
3	0.42499262386742953
3	0.40022568505027306
3	0.4137323739449894
3	0.42696448937224346
3	0.4523279659152231
3	0.440912139284125
3	0.42609466820741054
3	0.4063276501048959
3	0.5301466561535233
3	0.4760662293982284
3	0.41948520047441606
3	0.8242476530559084
3	0.7190692068118202
3	0.6932859590187751
3	0.6088275970134326
3	0.5938615520874145
3	0.5884857308470182
3	0.5253434752944464
3	0.5026743931763361
3	0.4782277795837138
3	0.4449425587064647
3	0.4259932551313636
3	0.417954690815603
3	0.4755579206847495
3	0.4042196616684088
3	0.5730467065274467
3	0.5660650352517717
3	0.48145822559235585
3	0.41169832088803576
3	0.4023401639681933
3	0.9587861975042138
3	0.8276564687474707
3	0.664122873683452
3	0.6345314060012324
3	0.5063455882863221
3	0.4481602042082617
3	0.4388300494440339
3	0.5008805819561687
3	0.4705197643212906
3	0.40560033683295577
3	0.6495379666382534
3	0.5460382327762044
3	0.5039819710364555
3	0.4904573371189708
3	0.4875362082590423
3	0.45833010180435974
3	0.4527899773444993
3	0.43471492990752214
3	0.48092739842970744
3	0.6799964198975375
3	0.5441375292648565
3	0.46635351997494967
3	0.4517843917650647
3	0.5352157621074684
3	0.5313081660264926
3	0.43226751131359653
3	0.42816645558079075
3	0.4105736207547541
3	0.8931544304912629
3	0.8473860898952852
3	0.7272447371715396
3	0.709714854164394
3	0.6961829969636963
3	0.6567544229606043
3	0.6526291870424055
3	0.6490665949010033
3	0.5778658677936389
3	0.5731785130300628
3	0.49768899418201334
3	0.4690967020594923
3	0.404336726865085
3	0.40214196858390944
3	0.43174244877225665
3	0.4204895577356654
3	0.6071803840291403
3	0.5981414902313109
3	0.5909555231436312
3	0.5733637963299929
3	0.5549570597343242
3	0.5501137413441456
3	0.5119136192167739
3	0.43771404205308523
3	0.4011500686017467
3	0.47028911936192724
3	0.46675298667242593
3	0.4562762658252188
3	0.44423109689331286
3	0.41515201715482397
3	0.6630467712410616
3	0.5436730788604281
3	0.5079392550874343
3	0.4883329829537953
3	0.44077027950883885
3	0.4374894239228307
3	0.5076125935927064
3	0.48534940584405023
3	0.47668308946848686
3	0.470384911740973
3	0.46402364316576517
3	0.4157535512591434
3	1.3179976634482546
3	1.3109742346687643
3	1.1673850138201276
3	0.9707262334334557
3	0.9566315380660515
3	0.9075336501477931
3	0.7474970714122581
3	0.7122746496366982
3	0.7060364110579224
3	0.6988374412132803
3	0.6325111933645173
3	0.5897012069081963
3	0.5523070613439673
3	0.47313321612959236
3	0.46829593489460597
3	0.44542468177152506
3	0.4452081893560868
3	0.6908992340250275
3	0.6466727711154105
3	0.6405918093945212
3	0.5418778291994872
3	0.5311708181374546
3	0.48531789715534446
3	0.47448294812990144
3	0.4444635346906615
3	0.4237059610464386
3	0.4699040756865399
3	0.46137661935570595
3	0.4552180952094856
3	0.4528226414555048
3	0.4284125401309981
3	0.418167769618624
3	0.5039619600517113
3	0.47121902664259524
3	0.42913812133086754
3	0.42106398124463873
3	0.4047034259267519
3	0.8777133929676953
3	0.7849820074398749
3	0.773210367818787
3	0.6601288966080058
3	0.6532483604394154
3	0.590127698119251
3	0.5868838888526418
3	0.4680154155756343
3	0.4410211298874084
3	0.4151320634014624
3	0.4635836043976335
3	0.44528447362037127
3	0.44088588595957406
3	0.43084435949681626
3	0.4194164247679001
3	0.4184114657858556
3	0.4147611077923097
3	0.558920803450744
3	0.5548242781797119
3	0.5519576066648049
3	0.5323905019163381
3	0.5259874469588475
3	0.5073374329908696
3	0.4591890712590733
3	0.5773703614104261
3	0.5546548768587107
3	0.4942215969794138
3	0.472039606428753
3	0.46904298535304617
3	0.8716305191403856
3	0.7736637822367739
3	0.7183417010144436
3	0.6551598506302488
3	0.6279210503316923
3	0.5386963061974781
3	0.4987228813132331
3	0.48807417922261487
3	0.4555726615970849
3	0.43994167391493877
3	0.4502113812810484
3	0.41481937193764207
3	0.4472387019191749
3	0.43947891288648033
3	0.45209863816134943
3	0.4495424827886924
3	0.4262261216770318
3	0.41139272355733403
3	0.5839558520115349
3	0.4911991548605654
3	0.4664257249064918
3	0.44142650581471277
3	0.43868348469581053
3	0.4307487728670303
3	0.4279385089549291
3	0.4057384035785246
3	0.43199125106553593
3	0.42460528592244934
3	1.889710258285329
3	1.8564333839569318
3	1.751394042858655
3	1.7374513679811523
3	1.5664782840067186
3	1.445392251850099
3	1.4377579980588056
3	1.338481526191311
3	1.13628073601545
3	1.1123538414877772
3	0.9395227588546623
3	0.9333124222332827
3	0.9105391926253429
3	0.8806045865659935
3	0.8668233757968894
3	0.7297386350998688
3	0.7232108540030262
3	0.693518952634398
3	0.6833940122219163
3	0.6781473663087335
3	0.5598758501918032
3	0.5561388300615925
3	0.4835841090912327
3	0.5147219993621899
3	0.49806817837795925
3	0.4544582870638157
3	0.6404658385849469
3	0.6330320000140408
3	0.583572288421685
3	0.5749535346282243
3	0.5648398678390466
3	0.5108327427882111
3	0.4604593870312334
3	0.4160817943676504
3	0.40552081784380933
3	0.8178440271111838
3	0.7628465170036512
3	0.6613981601331245
3	0.6551293223250092
3	0.5775623702040159
3	0.5374145642777295
3	0.5336981238057262
3	0.43875465940184055
3	0.4072680816378862
3	0.4456630048375759
3	0.5367060023425005
3	0.43299728646555535
3	0.4187315130001602
3	0.46891170302389695
3	0.4632311167858011
3	0.4444956816071145
3	0.43780647281920765
3	0.4350305608351121
3	0.44936638943352
3	0.9763948338340467
3	0.7823913386381868
3	0.7073891428969817
3	0.7012129213090684
3	0.6128413354420851
3	0.5846068001292537
3	0.47167294564588536
3	0.46893289999940546
3	0.46592877819513967
3	0.45863516165314366
3	0.4042697505807283
3	0.456070170732437
3	0.4456907693444169
3	0.42493043221565496
3	0.41427618072996275
3	0.41191226224533617
3	0.4078313151256548
3	0.4857560828403928
3	0.44162111568950346
3	0.40661182156627557
3	0.4011616957952769
3	0.49993727738282984
3	0.49223956096751653
3	0.4860630915572371
3	0.4681912619011304
3	0.44311695389653394
3	0.42385631636708115
3	0.41692013123311844
3	0.7673937261053291
3	0.612734150081846
3	0.5720759057800349
3	0.5139929274936963
3	0.4204623300771458
3	0.4141145310844671
3	0.6053830977476595
3	0.5019236075089388
3	0.4712824963538991
3	0.4569581882075173
3	0.41709614732098343
3	0.8311297852527191
3	0.7352183531488331
3	0.7183212666272463
3	0.7111235509294591
3	0.6884106992624467
3	0.6538542806795721
3	0.6098693970382936
3	0.5003948196482276
3	0.44230586677361067
3	0.4665277388958225
3	0.4071210655930562
3	0.5611559321227045
3	0.5244793920413825
3	0.46007361899040694
3	0.9376064999555738
3	0.8942347895180255
3	0.879320889491802
3	0.8358272734308341
3	0.8250681646388178
3	0.712870967946014
3	0.6976115576074573
3	0.6335622354254117
3	0.6066906479139506
3	0.5282720762777475
3	0.4989436972671987
3	0.4665304887710831
3	0.4456933687999555
3	0.42816944299684473
3	0.42336145097383693
3	0.44000753037789037
3	0.5842029960343673
3	0.480964584901743
3	0.40968478731435787
3	0.40474616825767096
3	0.44500553535687265
3	0.4257538162541171
3	0.45785474090749
3	0.44428633270096796
3	0.42650867797594727
3	0.40445622785465857
3	0.4779416534746802
3	0.4753089247889324
3	0.4076617444990784
3	0.40415140818570316
3	1.118955189649815
3	1.0896396736562475
3	1.0633846213583955
3	0.9765457441237001
3	0.8763814727776533
3	0.8217717160821821
3	0.7974694221877103
3	0.7067607166483332
3	0.6173087674806972
3	0.49855080355741943
3	0.40428135384347025
3	0.48105334760018925
3	0.47807253403268224
3	0.4902048638659611
3	0.4848588131327448
3	0.4815364000290435
3	0.47286563760091366
3	0.4451176054086874
3	0.4257371235429776
3	0.5361524587860111
3	0.49839541682916216
3	0.46165943223308237
3	0.45711940470617585
3	0.4524717245029471
3	0.41192679373595564
3	0.4906950078054884
3	0.4731707334835316
3	0.6367533157761126
3	0.6076610982612826
3	0.5752052211166995
3	0.4791116195016803
3	0.42137642601673764
3	0.4314856027572536
3	0.6472759473547538
3	0.5618709687128651
3	0.4856308785510284
3	0.4543683513433313
3	0.43302071344329407
3	0.42610515662810344
3	0.41896233249000997
3	0.4502611880836623
3	0.40749129769123615
3	0.40180755730430723
3	0.47512236639847977
3	0.44068073522329315
3	0.5030267063321666
3	0.4894020446124634
3	0.4834255960152545
3	0.4662184584265623
3	0.46165403804875604
3	0.4394303490696823
3	0.4259293479570867
3	1.0084998045411568
3	0.8861970315773195
3	0.7804346870374681
3	0.6864752398452569
3	0.6455558019052428
3	0.5306762088635768
3	0.47617560172728285
3	0.4486274399891169
3	0.4926701885681866
3	0.45400520983883585
3	0.4150193122434057
3	0.4021339241478749
3	0.533499536009451
3	0.5102516574322155
3	0.4190718906589921
3	0.4079757438871004
3	0.6042519572757237
3	0.4930962996762072
3	0.4728142631631968
3	0.45393587807257596
3	0.46528767160622503
3	0.440383174134613
3	0.6908651205192964
3	0.5988510253143697
3	0.4931442830293432
3	0.47454995700428804
3	0.46478606425361796
3	0.43059500762859354
3	0.4198399703715713
3	0.41055584808135687
3	0.4560228820940041
3	0.4862728734890462
3	0.4770587360182441
3	0.47095237122121153
3	0.43171480505769105
3	0.40192924661279694
3	0.704900829408263
3	0.7011234903120123
3	0.6941495828766151
3	0.5808157538147113
3	0.5592943594913842
3	0.468511917307769
3	0.4648678420285305
3	0.4589702616770673
3	0.45641141399493373
3	0.41958651111441075
3	0.4162342949923856
3	0.5174320470883198
3	0.4833291054615215
3	0.47274183566001393
3	0.4443534862629293
3	0.4409866549973809
3	0.4374157339857503
3	2.340476169842931
3	2.198396333606892
3	2.1764243873276143
3	1.8315599242541107
3	1.4845607541266412
3	1.469762987737576
3	1.3544051922005482
3	1.1020353337452993
3	0.9356433698768845
3	0.9232237045271511
3	0.9141679274960561
3	0.8865761981616431
3	0.8240533384211719
3	0.8151845697007711
3	0.8093414385912306
3	0.7273483952370293
3	0.5878578395636147
3	0.526011238883207
3	0.5039183146545597
3	0.48049589737746223
3	0.4330407011368406
3	0.5663345427798373
3	0.4939939109636886
3	0.41576920785197535
3	0.5257842229440145
3	0.4875473772879585
3	0.4201364630204638
3	0.4005680932054742
3	0.5158638856101984
3	0.4658521698694847
3	0.40637413801488254
3	0.40089913594185567
3	0.8037908903735718
3	0.6971131324972395
3	0.5581271302959431
3	0.5435896669162454
3	0.491379323501017
3	0.5483852270185907
3	0.44867341639217917
3	0.43856040788764933
3	0.4209510153852179
3	0.40628102840029046
3	0.5651849154987925
3	0.47971210314740176
3	0.4461971801959958
3	0.44260518346511407
3	0.41241514633366
3	0.40215759844664567
3	1.0465151670683308
3	1.0379962721112113
3	0.8437193278097604
3	0.7026165506996784
3	0.60747958433536
3	0.5685312771743587
3	0.5550538665197892
3	0.530414225064335
3	0.5224071946317103
3	0.44993248672217173
3	0.4285847909600703
3	0.42505087759490306
3	0.49688956477928053
3	0.45100854070182056
3	0.41487980791545814
3	0.6330957563600724
3	0.6063721530005142
3	0.6006486128765243
3	0.5729336187837323
3	0.523648688017125
3	0.43278195025060123
3	0.8029902866930316
3	0.6962540040725498
3	0.5605250758537966
3	0.4786714227039136
3	0.40500833777397444
3	0.5444762209006785
3	0.5369027417634457
3	0.5211891034541305
3	0.4181739714819266
3	0.40376915237251
3	0.409061799341644
3	0.5648724863291883
3	0.52179169757669
3	0.4942826720760762
3	0.4245440706349059
3	0.4221268158750697
3	0.8838466686868902
3	0.8719322418157219
3	0.8041152891302121
3	0.7210781113010573
3	0.5959249822124747
3	0.5892801832911001
3	0.5653873936198544
3	0.559408783032759
3	0.4746957987247278
3	0.46672486190371365
3	0.40622005835054925
3	0.4083540385670866
3	0.40520331875929555
3	0.5465886782569609
3	0.4655310431061427
3	0.4434786018691705
3	0.5253767571753007
3	0.5223190614337708
3	0.4465065987575546
3	0.5228812239082441
3	0.44028315281909286
3	0.43711411201790445
3	0.43304046895497683
3	0.45926048185623497
3	0.45201947223700345
3	0.42773543639006956
3	0.41929888491784867
3	1.4214912551374417
3	1.2167601362219482
3	1.1838307257264775
3	1.1558208895535325
3	1.1123444429875133
3	0.9925707154909122
3	0.8852859204586062
3	0.8719637810347005
3	0.702464746428983
3	0.6939437262275104
3	0.6071368577030292
3	0.5405595097142937
3	0.5198581063142156
3	0.4734279606484466
3	0.40380920545459165
3	0.47968472903486753
3	0.47616215326786704
3	0.4729202319738605
3	0.45234725743145326
3	0.42480509998140176
3	0.6813699894800619
3	0.5551331473457739
3	0.4577851120597563
3	0.4219789348776897
3	0.5256718089170301
3	0.5098503437907834
3	0.44126049499969705
3	0.43648650898009766
3	0.657353310150146
3	0.5443978828617803
3	0.5369297287085113
3	0.4429791292716909
3	0.43746507347182567
3	0.42816895685516515
3	0.4222811448987431
3	0.40789992733502617
3	0.496925764876342
3	0.42826248099622277
3	0.4190122830120748
3	0.735845825488852
3	0.7165734883038968
3	0.6056813115264269
3	0.5844936554037827
3	0.5472934994295567
3	0.5156406286600511
3	0.5120064861085334
3	0.4287850375004383
3	0.4259108519413834
3	0.5262633945358369
3	0.5146704529903438
3	0.5069757892486604
3	0.4838358244000182
3	0.42533444292250727
3	0.5515344385021422
3	0.49601264943435286
3	0.49097514828016303
3	0.4336038743627112
3	0.4862933408188463
3	0.4737885686068789
3	0.4622218229253767
3	0.455627423901118
3	0.4141097315707034
3	0.5221191051134413
3	0.4261958872269692
3	0.42193436376741345
3	0.4019045865491945
3	1.0230953750626444
3	0.8753523026203733
3	0.8609762079112847
3	0.7228662118774035
3	0.7105491664921456
3	0.6808215792383471
3	0.6448195544111303
3	0.5961481192141544
3	0.5846058129006049
3	0.48949568286233075
3	0.4652134247760941
3	0.4039543152283502
3	0.435348874983915
3	0.6386602578859085
3	0.5585709845108496
3	0.5442356197294256
3	0.5387158189291255
3	0.4668210557789252
3	0.4492039377756086
3	0.44178708222352164
3	0.43275184207581485
3	0.736908969996163
3	0.6445751427170803
3	0.6011012379291794
3	0.5929957937160912
3	0.5377114284096225
3	0.48659623192296636
3	0.5096280985308218
3	0.41827952862239526
3	0.4017833546056161
3	1.608955624426245
3	1.5270877880902025
3	1.362820396740274
3	1.2816054306284408
3	1.2543400925307622
3	1.2007785752171078
3	1.1868383668051277
3	1.0165764510424493
3	1.0111798899580244
3	1.0001043502748879
3	0.810367462148222
3	0.7974322863012633
3	0.7908767820626847
3	0.7151119933095882
3	0.6895389015025982
3	0.6676441217721105
3	0.5673497653538235
3	0.5264921670611087
3	0.4728941926345312
3	0.4561908096314555
3	0.4862657598896845
3	0.41391714420778125
3	0.5052575341215478
3	0.48680742079241496
3	0.48137659357464896
3	0.4688422003512941
3	0.4112891494361989
3	0.40353028695612186
3	0.7764757062453207
3	0.6535304511354915
3	0.6487982857520463
3	0.6392502375822354
3	0.6153835700706156
3	0.5915644523207219
3	0.5497122577952199
3	0.4790414456923756
3	0.45646789806496946
3	0.5739039322054255
3	0.549434870078761
3	0.5194625795223389
3	0.4970548806344124
3	0.4936329528124959
3	0.8532538915828909
3	0.8407943773158465
3	0.831491440816256
3	0.7440113049638579
3	0.7360484372254684
3	0.7205974847842901
3	0.6222370195578208
3	0.575883882167691
3	0.5660795536355312
3	0.5528055939181128
3	0.45111979925290785
3	0.42566606336081486
3	0.4168016192736529
3	0.5107804653847783
3	0.4905277665772952
3	0.4349877123597413
3	0.41571824255147033
3	0.5462838686774011
3	0.4931864708351647
3	0.4192213647742952
3	0.41270280229933853
3	0.6233175223362988
3	0.5607492141028272
3	0.4845362195864673
3	0.4756458402396433
3	0.45102473825030137
3	0.43950865835146263
3	0.4352028521964727
3	0.4309446253217273
3	0.4260284092659271
3	0.4038226647873647
3	0.5085374115239968
3	0.46705281490790973
3	0.7524867858783146
3	0.7345387668566818
3	0.7208728721989899
3	0.6158254094329135
3	0.6121543128291672
3	0.5731520532063386
3	0.534994020186602
3	0.4478513774848896
3	0.4232975486306214
3	0.5205577511672536
3	0.46039908899082604
3	0.4229262257314168
3	1.0099101372922266
3	0.9346935775075871
3	0.7693660408395556
3	0.7368338665696363
3	0.5969027903225506
3	0.5832654473756812
3	0.5465779427817908
3	0.45829010686091604
3	0.4062238561327355
3	0.40404245869521066
3	0.5722275079553084
3	0.46098911704679574
3	0.40982094450974627
3	0.4471547311268966
3	0.7121620840637186
3	0.6985969528362957
3	0.6680796914489284
3	0.592011476243946
3	0.5887388754150817
3	0.583914589135087
3	0.5742657367518865
3	0.535593286036456
3	0.49450631271650186
3	0.4445990457847587
3	0.4492953105033792
3	0.5976099605745674
3	0.5926278150146536
3	0.5731750388371888
3	0.5566682523827011
3	0.5149026162626215
3	0.48893230736287313
3	0.4196489745366865
3	0.8453030794755242
3	0.8376325332475282
3	0.6659360204527455
3	0.6316603481858496
3	0.6088414329566249
3	0.6008480153269121
3	0.5841996525745148
3	0.5327469971139981
3	0.5051832925497631
3	0.4853716949713726
3	0.4460620865573097
3	0.4240238974364332
3	0.4185464813018287
3	0.4044838333605003
3	0.6637190475735636
3	0.6360057858544734
3	0.5851488208730451
3	0.5731652630094863
3	0.5465074099198985
3	0.43494932644213047
3	0.4174843838450188
3	0.4325705885274495
3	0.4036667654214487
3	0.6806930579109223
3	0.6019645848523405
3	0.5816869399538782
3	0.5713864754301426
3	0.5523258895150432
3	0.5385831546016394
3	0.5162326511333959
3	0.5114964656425204
3	0.45719716786251985
3	0.4147406224170687
3	0.4598892040136668
3	1.2998019037821218
3	1.1843611492351604
3	1.0479615615954434
3	0.9877087918813797
3	0.8646899425948392
3	0.8279512071496137
3	0.6965297593454064
3	0.6766875744329506
3	0.5404671884398062
3	0.49711751968030754
3	0.5336642954261065
3	0.42507480174799867
3	0.4220536881515087
3	0.4130755670649132
3	0.6123720320426882
3	0.6044113390792416
3	0.5753720080809114
3	0.4611746256092475
3	0.4514852038771809
3	0.4342853039043447
3	0.45208096495741323
3	0.40839345701416685
3	0.4290038111008022
3	0.40065151950438305
3	0.6818883812563059
3	0.6638779446224349
3	0.6247889248927267
3	0.6052827755301907
3	0.5130937877763156
3	0.41200753780167915
3	0.40236389844875986
3	0.4425540547028008
3	0.4278004977890246
3	0.5721720810614179
3	0.5232375694330061
3	0.4606984914941978
3	0.7991766839748576
3	0.7948377953273587
3	0.6641877470769372
3	0.5880749432708199
3	0.5847535638761044
3	0.5104860719473004
3	0.4950134182572823
3	0.4059892055859509
3	0.44752239965553714
3	0.5935882453785868
3	0.5779473783596866
3	0.5723592295528234
3	0.5234226567391335
3	0.5062882259296897
3	0.4143803612141953
3	0.4073029336419563
3	0.8116417447281882
3	0.7089673279651841
3	0.6931893571454478
3	0.6361330471529719
3	0.6263051344888796
3	0.6019098208812756
3	0.596820002826046
3	0.5235784766860089
3	0.5022481713459773
3	0.4537375626532018
3	0.44890376975064267
3	0.43442416828145264
3	0.4315167417614558
3	0.42399203290855325
3	0.4102613651724187
3	0.42295815317490976
3	0.5628673509198228
3	0.46511851508791696
3	0.42806343806597463
3	0.42672821988007137
3	0.42013819001801805
